run,ts,ppac,ppac_rate,f2pl,f2pl_rate,f3pl,f3pl_rate,hwtriga,hwtriga_rate,hwtrigb,hwtrigb_rate,refp,refp_rate,reft,reft_rate,livetime
223,555.9659237,1722301,3097.853531,20,0.03597342777,617,1.109780247,2737,4.92296359,2820,5.072253316,0,0,556,1.000061292,0.9705673759
224,444.4530239,1397599,3144.537048,20,0.04499913134,501,1.12722824,2154,4.846406446,2232,5.021903058,0,0,444,0.9989807159,0.9650537634
225,51.90880436,145403,2801.124044,2,0.03852910936,46,0.8861695153,230,4.430847577,234,4.507905795,0,0,52,1.001756843,0.9829059829
226,1001.9243,3235930,3229.715058,32,0.03193854065,1093,1.090900779,4973,4.963448834,5155,5.145099284,0,0,1002,1.000075554,0.9646944714
251,171.644824,215518,1255.60442,4,0.02330394,394,2.29543769,1532,8.92540748,1618,9.4264421,0,0,171,0.99624326,0.9468479604
252,964.127241,1135702,1177.95863,30,0.03111622,1948,2.0204802,7738,8.02591159,8175,8.47917126,0,0,964,0.99986802,0.9465443425
253,581.737077,699110,1201.76284,20,0.03437979,1213,2.08513441,4918,8.45399097,5162,8.87342444,0,0,582,1.00045196,0.9527314994
254,905.699251,1268858,1400.97057,26,0.0287071,2029,2.24025801,8468,9.34968202,8965,9.89842929,0,0,905,0.99922794,0.9445621863
259,383.490358,201055,524.276545,6,0.01564576,380,0.99089845,1414,3.68718527,1450,3.78105986,0,0,384,1.00132896,0.9751724138
260,711.229681,371380,522.166059,28,0.03936844,607,0.85345145,2492,3.50379078,2537,3.56706148,0,0,711,0.99967706,0.9822625148
261,1198.72363,603245,503.239431,38,0.03170038,1047,0.87342901,4310,3.59549097,4397,3.66806816,0,0,1199,1.00023055,0.9802137821
262,506.837137,265263,523.369305,12,0.02367624,488,0.96283394,1801,3.5534097,1840,3.6303575,0,0,507,1.00032133,0.9788043478
263,531.00926,269790,508.070236,18,0.03389771,493,0.92842072,1919,3.61387295,1969,3.70803327,0,0,531,0.99998256,0.9746063992
264,879.077653,441385,502.100126,30,0.03412668,775,0.88160585,2984,3.39446691,3045,3.46385782,0,0,879,0.99991167,0.9799671593
265,204.669178,103620,506.280434,4,0.01954373,200,0.97718671,695,3.39572381,717,3.50321435,0,0,205,1.00161638,0.9693165969
266,489.384333,248011,506.78165,18,0.03678091,454,0.92769623,1703,3.47988255,1734,3.54322744,0,0,490,1.00125804,0.9821222607
267,746.380967,374189,501.33781,20,0.02679597,655,0.87756793,2458,3.29322438,2510,3.3628939,0,0,746,0.99948958,0.9792828685
271,212.893246,133302,626.144804,16,0.07515504,272,1.27763565,893,4.19459056,917,4.30732311,0,0,213,1.00050144,0.973827699
272,169.995486,100423,590.739214,8,0.04706007,180,1.05885164,644,3.78833588,662,3.89422104,0,0,170,1.00002655,0.9728096677
273,129.549989,73286,565.696691,6,0.04631417,107,0.825936,476,3.67425736,486,3.75144764,0,0,129,0.99575462,0.9794238683
274,186.247941,104861,563.018304,6,0.03221512,177,0.95034608,752,4.03762853,768,4.12353552,0,0,186,0.99866876,0.9791666667
275,393.838904,217408,552.022662,12,0.03046931,381,0.96740062,1473,3.74010791,1497,3.80104653,0,0,394,1.00040904,0.9839679359
276,594.436244,318970,536.592449,22,0.03700986,558,0.93870454,2236,3.76154722,2278,3.8322024,0,0,594,0.99926612,0.9815627744
277,418.189932,218227,521.837049,18,0.04304264,380,0.90867802,1467,3.50797541,1490,3.56297434,0,0,418,0.99954582,0.9845637584
278,546.43679,296256,542.159689,20,0.03660076,480,0.87841816,1967,3.59968442,2008,3.67471597,0,0,546,0.99920066,0.9795816733
279,111.146894,59712,537.234984,0,0,115,1.03466679,409,3.67981492,423,3.80577436,0,0,111,0.99867838,0.9669030733
280,154.243308,85323,553.171488,6,0.03889958,149,0.96600625,541,3.50744553,551,3.57227816,0,0,155,1.00490584,0.9818511797
281,124.393194,64966,522.2633,0,0,117,0.94056593,416,3.34423441,433,3.48089784,0,0,124,0.9968391,0.96073903
282,53.9028778,28206,523.274474,4,0.07420754,57,1.05745746,207,3.84024024,212,3.93299966,0,0,54,1.0018018,0.9764150943
283,153.129934,80892,528.257264,8,0.05224321,149,0.97302987,553,3.6113122,566,3.69620743,0,0,153,0.99915148,0.9770318021
284,177.644849,90901,511.700737,6,0.03377525,162,0.91193188,605,3.40567151,616,3.46759281,0,0,178,1.00199922,0.9821428571
285,751.231339,388512,517.166923,20,0.02662296,707,0.94112155,2622,3.49026973,2687,3.57679434,0,0,751,0.99969205,0.9758094529
286,77.248794,38475,498.066028,8,0.10356149,62,0.80260153,280,3.62465206,292,3.77999429,0,0,77,0.99677932,0.9589041096
287,70.1027616,33065,471.664728,2,0.02852955,58,0.82735685,204,2.91001375,206,2.93854329,0,0,71,1.0127989,0.9902912621
288,4.64984683,2363,508.188783,0,0,4,0.86024339,15,3.22591271,15,3.22591271,0,0,5,1.07530424,1
289,828.925424,419953,506.62338,18,0.02171486,739,0.89151566,2871,3.46352026,2938,3.5443478,0,0,829,1.00008997,0.977195371
290,692.978146,347935,502.08654,16,0.02308875,639,0.922107,2469,3.56288292,2536,3.65956706,0,0,693,1.00003154,0.9735804416
291,94.4467422,45819,485.13055,6,0.06352787,78,0.82586226,331,3.50462062,338,3.57873646,0,0,94,0.9952699,0.9792899408
292,213.398175,110120,516.030656,14,0.06560506,185,0.866924,698,3.27088084,717,3.35991627,0,0,213,0.99813412,0.9735006974
293,732.110534,353270,482.536426,26,0.03551376,630,0.8605258,2410,3.29185265,2449,3.34512329,0,0,732,0.99984902,0.9840751327
294,132.635824,57175,431.067552,6,0.04523665,114,0.8594963,418,3.15148643,425,3.20426252,0,0,132,0.99520624,0.9835294118
295,251.141771,120233,478.745529,8,0.03185452,195,0.77645387,826,3.28897896,836,3.3287971,0,0,251,0.99943549,0.9880382775
296,38.8462007,18303,471.165769,2,0.05148509,39,1.00395919,140,3.60395605,140,3.60395605,0,0,39,1.00395919,1
297,62.0479583,30495,491.474673,2,0.03223313,63,1.01534364,198,3.19108002,201,3.23942972,0,0,62,0.99922708,0.9850746269
298,207.161477,96454,465.598149,6,0.02896291,159,0.76751722,689,3.32590794,704,3.39831522,0,0,207,0.99922053,0.9786931818
299,264.045878,135491,513.134311,6,0.02272332,229,0.86727353,940,3.5599874,971,3.67739124,0,0,264,0.99982625,0.9680741504
304,558.048022,5415080,9703.60935,18,0.03225529,8665,15.5273375,34315,61.4911238,53619,96.0831289,0,0,558,0.99991395,0.6399783659
305,1103.57246,11811371,10702.8505,36,0.03262133,19170,17.3708576,73207,66.3363782,117085,106.096341,0,0,1103,0.99948127,0.6252466157
306,976.975705,10205833,10446.3529,28,0.02865987,16466,16.8540527,63165,64.6536037,101052,103.433483,0,0,977,1.00002487,0.6250742192
307,108.997437,1177471,10802.7402,4,0.03669811,1906,17.4866497,7287,66.8547829,11647,106.855723,0,0,109,1.00002351,0.625654675
308,69.272944,628041,9066.18029,0,0,1054,15.2151755,3900,56.2990364,6193,89.3999827,0,0,70,1.01049553,0.6297432585
309,224.945171,2426716,10788.0333,12,0.05334633,3958,17.5953989,15061,66.9540936,24270,107.892959,0,0,225,1.00024375,0.6205603626
310,316.646105,3296007,10409.119,20,0.063162,5300,16.7379289,20142,63.6104461,32698,103.263547,0,0,317,1.00111764,0.6160009787
316,631.687235,4299665,6806.63588,24,0.03799349,2112,3.34342675,11757,18.6120588,13299,21.0531403,0,0,631,0.99891206,0.8840514324
318,993.275663,6408516,6451.90075,44,0.04429787,3251,3.27300881,17772,17.8923139,20072,20.2078846,0,0,994,1.00072924,0.8854125149
319,81.420934,436614,5362.42927,0,0,217,2.66516225,1204,14.7873519,1345,16.5190932,0,0,81,0.99483015,0.8951672862
320,507.985652,3366720,6627.58876,16,0.03149695,1642,3.23237476,9193,18.0969678,10395,20.4631764,0,0,508,1.00002824,0.8843674844
321,314.938145,1995516,6336.21563,8,0.02540181,1051,3.33716324,5518,17.5209008,6199,19.6832302,0,0,314,0.99702118,0.8901435715
322,384.040489,2611473,6799.99395,18,0.04687006,1308,3.40589088,7205,18.7610427,8186,21.3154608,0,0,384,0.99989457,0.8801612509
323,310.690846,2012375,6477.09782,6,0.0193118,994,3.19932181,5612,18.0629718,6301,20.2806104,0,0,310,0.99777642,0.8906522774
324,210.446204,1479203,7028.88898,6,0.02851085,746,3.54484893,4031,19.1545389,4565,21.6920045,0,0,210,0.99787973,0.8830230011
325,81.0976612,550998,6794.25265,2,0.02466162,261,3.21834189,1216,14.9942672,1641,20.2348622,0,0,69,0.85082602,0.7410115783
326,284.693119,1833055,6438.70496,20,0.07025108,896,3.14724852,5120,17.9842773,5766,20.2533873,0,0,284,0.99756538,0.8879639265
327,486.240033,3258342,6701.09777,20,0.04113195,1677,3.44891388,9093,18.7006404,10292,21.1665007,0,0,486,0.99950635,0.8835017489
328,749.781387,5007235,6678.25994,36,0.048014,2498,3.33163779,13776,18.3733555,15635,20.8527449,0,0,750,1.00029157,0.8811000959
329,778.174652,5045970,6484.36696,30,0.03855176,2553,3.28075451,14210,18.2606822,15950,20.4966841,0,0,778,0.99977556,0.8909090909
330,310.527906,2027574,6529.44216,10,0.03220322,1026,3.30405088,5554,17.8856711,6238,20.0883717,0,0,311,1.0015203,0.890349471
331,2032.29775,13095830,6443.854,52,0.0255868,6404,3.15111307,36197,17.8108744,40652,20.0029745,0,0,2033,1.00034554,0.8904112959
332,155.496079,930944,5986.92908,4,0.02572412,455,2.92611879,2700,17.3637818,3004,19.3188151,0,0,156,1.00324073,0.8988015979
333,600.037803,3633554,6055.54181,30,0.04999685,1757,2.92814885,9989,16.6472845,11099,18.4971679,0,0,600,0.999937,0.8999909902
334,440.659694,2771411,6289.23189,18,0.04084785,1375,3.12032169,7620,17.2922555,8505,19.300608,0,0,441,1.00077227,0.8959435626
335,766.83137,4849319,6323.84014,32,0.04173017,2261,2.94849701,13164,17.1667468,14718,19.193268,0,0,767,1.0002199,0.894415002
336,455.33848,2859193,6279.26943,22,0.04831571,1432,3.14491321,7699,16.9083008,8637,18.9683068,0,0,455,0.99925664,0.891397476
337,599.588464,3834551,6395.30483,18,0.03002059,1913,3.19052169,10302,17.1817849,11433,19.0680787,0,0,600,1.00068636,0.9010758331
338,214.998923,1344749,6254.67785,8,0.03720949,647,3.00931741,3674,17.0884577,4112,19.1256772,0,0,215,1.00000501,0.8934824903
339,114.448133,748212,6537.56403,6,0.05242549,366,3.19795517,1973,17.2392501,2215,19.3537451,0,0,114,0.9960844,0.890744921
340,779.331359,4894946,6280.95603,22,0.02822933,2477,3.17836562,13463,17.2750651,15149,19.4384581,0,0,779,0.99957482,0.8887055251
341,1010.12743,6335843,6272.3205,32,0.03167917,3203,3.17088705,17442,17.2671283,19548,19.3520138,0,0,1010,0.99987384,0.8922651934
342,610.999337,3827137,6263.73348,14,0.02291328,1867,3.0556498,10707,17.5237506,11977,19.6023126,0,0,611,1.00000109,0.8939634299
343,612.832924,3905862,6373.45326,32,0.05221652,1943,3.17052156,10731,17.5104822,12012,19.6007746,0,0,613,1.00027263,0.8933566434
344,228.891494,1360736,5944.89544,6,0.02621329,672,2.93588891,3691,16.1255446,4136,18.0696972,0,0,229,1.00047405,0.8924081238
345,587.982093,3618972,6154.90172,24,0.04081757,1832,3.11574114,10131,17.2301165,11283,19.1893599,0,0,588,1.00003045,0.8978994948
347,478.740665,2915380,6089.68532,22,0.0459539,1449,3.02669087,8229,17.1888469,9103,19.01447,0,0,479,1.0005417,0.9039876964
223,555.965924,1722301,3097.85353,20,0.03597343,617,1.10978025,2737,4.92296359,2820,5.07225332,0,0,556,1.00006129,0.9705673759
224,444.453024,1397599,3144.53705,20,0.04499913,501,1.12722824,2154,4.84640645,2232,5.02190306,0,0,444,0.99898072,0.9650537634
225,51.9088044,145403,2801.12404,2,0.03852911,46,0.88616952,230,4.43084758,234,4.5079058,0,0,52,1.00175684,0.9829059829
226,1001.9243,3235930,3229.71506,32,0.03193854,1093,1.09090078,4973,4.96344883,5155,5.14509928,0,0,1002,1.00007555,0.9646944714
348,343.191926,956096,2785.89304,16,0.04662114,353,1.02857898,1819,5.30024124,1870,5.44884613,0,0,343,0.99944076,0.9727272727
349,223.442167,615212,2753.33885,8,0.03580345,206,0.92193878,1086,4.86031805,1133,5.07066331,0,0,223,0.99802111,0.9585172109
350,746.081441,2111644,2830.313,18,0.02412605,738,0.98916815,3808,5.10400043,3926,5.26216011,0,0,746,0.99989084,0.9699439633
351,59.5447891,169611,2848.46084,4,0.06717632,65,1.09161525,296,4.97104792,304,5.10540057,0,0,60,1.00764485,0.9736842105
352,766.529727,2129337,2777.89227,38,0.04957407,794,1.03583719,3852,5.02524542,3955,5.15961725,0,0,767,1.00061351,0.9739570164
361,628.184387,1694721,2697.80822,24,0.03820534,621,0.98856325,3105,4.94281626,3210,5.10996464,0,0,628,0.99970648,0.9672897196
362,341.478274,924924,2708.58813,12,0.03514133,356,1.04252606,1713,5.01642457,1764,5.16577521,0,0,341,0.9985994,0.9710884354
364,308.191626,999967,3244.62742,16,0.05191575,375,1.21677544,1895,6.14877187,1966,6.37914802,0,0,308,0.99937822,0.9638860631
365,270.193266,918264,3398.5451,4,0.01480422,337,1.24725536,1672,6.1881631,1731,6.40652532,0,0,270,0.99928471,0.9659156557
366,644.686666,2172492,3369.84168,20,0.03102282,790,1.22540149,3918,6.07737092,4074,6.31934894,0,0,645,1.00048603,0.9617083947
367,443.84218,1440000,3244.39646,16,0.03604885,520,1.17158761,2577,5.80611784,2667,6.00889262,0,0,444,1.00035558,0.9662542182
368,688.835217,2255826,3274.84127,24,0.03484142,770,1.11782903,4114,5.9724008,4250,6.16983553,0,0,689,1.00023922,0.968
369,66.6966342,214030,3209.00751,2,0.02998652,73,1.09450801,406,6.0872637,422,6.32715587,0,0,66,0.98955518,0.9620853081
370,30.1462237,97965,3249.66075,0,0,29,0.96197787,190,6.30261362,200,6.63433012,0,0,30,0.99514952,0.95
371,71.5977417,241709,3375.9305,2,0.02793384,80,1.11735368,490,6.84379128,501,6.99742741,0,0,72,1.00561831,0.9780439122
372,68.602363,219712,3202.68851,2,0.02915351,73,1.06410329,396,5.77239591,410,5.97647052,0,0,69,1.00579626,0.9658536585
373,182.694908,585806,3206.47142,2,0.01094721,202,1.10566847,1080,5.91149482,1123,6.14685989,0,0,182,0.99619635,0.9617097061
374,558.183889,1751459,3137.78136,30,0.05374573,637,1.14120098,3290,5.89411494,3419,6.12522157,0,0,559,1.00146208,0.9622696695
375,145.344908,444555,3058.62109,14,0.0963226,182,1.25219385,865,5.9513609,888,6.10960518,0,0,145,0.99762697,0.9740990991
376,640.182993,1959116,3060.24374,26,0.04061339,748,1.16841592,3697,5.7749113,3820,5.96704386,0,0,640,0.99971415,0.9678010471
378,107.598502,336309,3125.59184,6,0.05576286,129,1.19890145,626,5.81792487,641,5.95733201,0,0,108,1.00373145,0.976599064
379,152.197715,479517,3150.61891,12,0.07884481,145,0.95270812,952,6.25502162,989,6.49812645,0,0,152,0.99870093,0.9625884732
380,101.646353,287896,2832.32984,4,0.03935212,102,1.00347919,572,5.62735387,592,5.8241145,0,0,102,1.00347919,0.9662162162
381,106.198315,322433,3036.14044,4,0.03766538,120,1.12996143,592,5.57447637,606,5.7063052,0,0,106,0.99813259,0.9768976898
382,105.676667,284753,2694.56832,4,0.03785131,111,1.05037377,545,5.15724061,563,5.32757149,0,0,106,1.00305964,0.9680284192
383,644.733871,1931475,2995.77095,22,0.03412261,698,1.08261723,3579,5.55112762,3704,5.74500607,0,0,645,1.00041277,0.9662526998
384,28.3479744,77662,2739.5961,2,0.07055178,33,1.16410434,145,5.11500392,152,5.36193514,0,0,28,0.98772489,0.9539473684
385,473.142572,1404548,2968.5513,30,0.06340584,502,1.06099098,2497,5.27747902,2583,5.45924242,0,0,473,0.99969867,0.9667053813
386,870.155101,2511614,2886.39806,30,0.03447661,926,1.0641781,4682,5.38064995,4818,5.53694392,0,0,871,1.00097097,0.9717725197
387,411.146044,1226202,2982.4001,26,0.06323787,423,1.0288315,2188,5.32170997,2261,5.49926245,0,0,411,0.99964479,0.9677134011
388,283.643314,816046,2877.01476,4,0.01410222,311,1.09644749,1406,4.95692981,1434,5.05564534,0,0,284,1.00125752,0.980474198
389,57.6209226,160622,2787.56384,4,0.06941923,52,0.90244997,311,5.39734503,318,5.51882868,0,0,58,1.00657882,0.9779874214
390,257.220014,721230,2803.942,6,0.02332633,252,0.97970603,1252,4.86742839,1296,5.03848818,0,0,258,1.00303237,0.9660493827
391,752.477899,2222777,2953.94324,24,0.03189462,795,1.05650944,3952,5.2519815,4082,5.42474405,0,0,752,0.9993649,0.9681528662
392,123.827315,330987,2672.97243,8,0.0646061,116,0.93678846,570,4.60318467,586,4.73239688,0,0,124,1.00139456,0.9726962457
393,31.5999923,90231,2855.41209,2,0.06329115,39,1.23417751,153,4.84177333,161,5.09493795,0,0,32,1.01265847,0.950310559
394,760.683813,2164442,2845.38985,22,0.02892135,803,1.05562914,3825,5.02837044,3944,5.18480863,0,0,761,1.00041566,0.9698275862
395,4.90025059,13895,2835.56927,0,0,4,0.81628479,18,3.67328153,21,4.28549512,0,0,5,1.02035598,0.8571428571
396,413.64174,1133837,2741.10877,16,0.03868082,420,1.01537142,2071,5.00674811,2149,5.19531709,0,0,414,1.00086611,0.9637040484
398,519.388384,1479596,2848.72755,16,0.03080546,557,1.0724152,2744,5.28313702,2845,5.47759651,0,0,519,0.99925223,0.9644991213
399,321.740536,883970,2747.46232,10,0.03108095,358,1.11269784,1665,5.17497738,1721,5.34903068,0,0,322,1.00080644,0.9674607786
400,252.171981,697190,2764.74014,2,0.0079311,233,0.92397259,1258,4.9886589,1304,5.17107409,0,0,252,0.999318,0.9647239264
402,205.044268,567421,2767.30974,4,0.01950798,232,1.13146299,1006,4.9062576,1038,5.06232146,0,0,205,0.9997841,0.9691714836
403,289.269896,838161,2897.5051,10,0.03456979,311,1.07512052,1524,5.26843622,1587,5.48622591,0,0,289,0.99906697,0.9603024575
404,1051.37686,2951898,2807.64977,50,0.04755669,1143,1.08714586,5566,5.29401036,5768,5.48613938,0,0,1052,1.00059269,0.9649791956
410,173.95965,351399,2020.00291,4,0.02299384,89,0.51161289,221,1.27040954,224,1.28765492,0,0,174,1.00023195,0.9866071429
411,768.328999,1739322,2263.77242,12,0.01561831,362,0.47115233,1185,1.54230805,1194,1.55402178,0,0,768,0.9995718,0.9924623116
412,1735.10146,4604648,2653.8206,78,0.04495414,908,0.52331234,2791,1.60855147,2816,1.62295985,0,0,1735,0.99994152,0.9911221591
413,1357.01676,3440183,2535.10723,44,0.03242407,725,0.53426017,2100,1.5475122,2120,1.56225042,0,0,1357,0.99998765,0.9905660377
415,288.39314,710648,2464.16402,6,0.02080493,171,0.5929406,457,1.58464241,463,1.60544734,0,0,288,0.99863679,0.9870410367
420,189.595869,2126586,11216.4153,8,0.04219501,414,2.18359188,1921,10.1320773,2037,10.743905,0,0,190,1.00213154,0.9430535101
421,776.377805,8339247,10741.2228,16,0.02060852,1617,2.08274888,7395,9.52500182,7809,10.0582474,0,0,777,1.00080141,0.9469842489
422,910.926182,9917321,10887.0743,32,0.03512908,1899,2.08469142,8980,9.85809847,9481,10.4080881,0,0,911,1.00008104,0.9471574728
425,371.056155,2959015,7974.57463,6,0.01617006,786,2.11827776,2863,7.71581326,3029,8.1631849,0,0,371,0.99984866,0.9451964345
426,1072.27344,8451179,7881.55212,32,0.02984313,2176,2.02933312,8239,7.68367443,8623,8.04179203,0,0,1072,0.99974499,0.9554679346
427,987.47464,7614965,7711.55501,24,0.02430442,2008,2.03346994,7520,7.61538545,7843,7.94248246,0,0,987,0.99951934,0.9588167793
428,780.327833,6049355,7752.32504,32,0.04100841,1631,2.09014715,5979,7.66216422,6265,8.02867684,0,0,780,0.99957988,0.9543495611
429,646.983212,5262569,8134.01168,34,0.0525516,1365,2.10979199,5031,7.77609049,5282,8.16404492,0,0,647,1.00002595,0.9524801212
430,782.330772,6292888,8043.76899,22,0.0281211,1648,2.10652586,6119,7.82149983,6415,8.19985642,0,0,783,1.00085543,0.953858145
431,2458.78791,19101593,7768.703,86,0.03497658,5011,2.03799603,18615,7.57080346,19477,7.9213827,0,0,2459,1.00008626,0.9557426708
433,273.391894,2274421,8319.27007,8,0.02926202,617,2.25683356,2099,7.67762339,2204,8.06168745,0,0,273,0.99856655,0.9523593466
434,367.190378,2732319,7441.15086,14,0.03812736,728,1.98262276,2620,7.13526322,2731,7.43755872,0,0,367,0.99948153,0.9593555474
435,989.372209,7413847,7493.4862,42,0.04245116,1966,1.98711868,7214,7.29149246,7526,7.60684395,0,0,989,0.99962379,0.9585437151
436,47.5456257,372021,7824.5053,6,0.12619457,104,2.18737262,363,7.63477175,380,7.99232305,0,0,48,1.0095566,0.9552631579
437,462.840033,3528365,7623.29261,12,0.02592688,942,2.03526042,3438,7.42805237,3602,7.78238646,0,0,463,1.00034562,0.954469739
438,566.288469,4218834,7449.97335,10,0.01765884,1103,1.94777055,4212,7.43790529,4392,7.75576449,0,0,566,0.9994906,0.9590163934
439,1001.02498,7654474,7646.63635,37,0.03696211,1971,1.96898183,7430,7.4223922,7786,7.77802768,0,0,1001,0.99997505,0.9542769073
440,963.272614,7349069,7629.27222,22,0.02283881,1810,1.87901117,7104,7.3748593,7388,7.66968757,0,0,963,0.99971699,0.9615592853
569,186.846738,2568544,13746.7961,0,0,4727,25.2988093,15707,84.0635495,28863,154.474198,1,0.00535198,187,1.00082026,0.5441915255
570,160.588784,2549050,15873.1509,0,0,4401,27.4054008,14479,90.1619628,26812,166.960601,1,0.00622708,161,1.00256067,0.5400193943
571,331.945335,5230740,15757.8355,0,0,8984,27.0646972,28810,86.7913989,54214,163.322072,1,0.00301254,332,1.00016468,0.5314125503
590,277.890186,1368711,4925.36645,0,0,13943,50.1744959,7714,27.7591667,8701,31.3109294,1,0.00359854,277,0.99679663,0.8865647627
592,326.108558,1632986,5007.49201,0,0,16831,51.6116476,9315,28.5641078,10540,32.3205256,1,0.00306646,326,0.99966711,0.8837760911
593,179.520625,891765,4967.47936,0,0,8987,50.0611001,4992,27.8073898,5679,31.6342481,1,0.00557039,179,0.99709991,0.8790279979
594,757,3897180,5148.19022,0,0,40108,52.9828269,21928,28.9669749,24873,32.8573316,1,0.001321,757,1,0.8815985205
595,522.851034,2755972,5271.04629,0,0,27881,53.32494,15208,29.0866787,17437,33.3498432,1,0.00191259,522,0.99837232,0.8721683776
596,382.668123,2028120,5299.94499,0,0,20118,52.5729707,11018,28.7925734,12509,32.6889,1,0.00261323,383,1.00086727,0.8808058198
598,1051.6827,5579459,5305.26842,0,0,56119,53.3611518,30484,28.985929,34943,33.225801,1,0.00095086,1052,1.00030171,0.8723921816
601,159.784499,2606920,16315.2247,0,0,6135,38.3954641,4715,29.5084944,5441,34.0521142,1,0.00625843,160,1.0013487,0.8665686455
602,187.191283,2779670,14849.356,0,0,6719,35.8937654,5162,27.5760704,5844,31.2194024,1,0.00534213,188,1.00432027,0.8832991102
603,848.348544,14075236,16591.3363,0,0,33553,39.5509608,25472,30.0253948,29512,34.7875884,1,0.00117876,839,0.9889803,0.8631065329
604,989.623971,16251496,16421.89,0,0,39231,39.64233,30069,30.384268,34547,34.9092191,1,0.00101048,990,1.00037997,0.870379483
605,338.264377,2570204,7598.21068,0,0,17747,52.4648802,11989,35.4426917,14531,42.9575238,1,0.00295627,339,1.0021747,0.825063657
606,519.625635,4023911,7743.86544,0,0,27520,52.9612054,18770,36.1221594,22530,43.358138,1,0.00192446,520,1.00072045,0.833111407
607,1156.2907,8782470,7595.38236,0,0,61247,52.9685138,41894,36.2313733,50252,43.4596594,1,0.00086483,1157,1.00061343,0.8336782616
610,423.003741,7442872,17595.2864,0,0,11944,28.2361569,10339,24.4418642,11374,26.8886511,1,0.00236405,423,0.99999115,0.9090029893
611,739.769442,13414246,18133.0091,0,0,17298,23.382961,15429,20.8564981,16511,22.319116,1,0.00135177,740,1.00031166,0.9344679305
612,760.539033,13552455,17819.539,0,0,21501,28.2707383,18578,24.4274116,20446,26.8835643,1,0.00131486,761,1.00060611,0.9086373863
615,281.597886,5412442,19220.4639,0,0,5911,20.9909246,5387,19.1301152,5661,20.1031338,1,0.00355116,282,1.00142797,0.9515986575
616,632.208615,12390423,19598.6304,0,0,13772,21.7839486,12434,19.6675586,13106,20.7304989,1,0.00158176,632,0.99967002,0.9487257745
617,1078.12571,21331198,19785.446,0,0,23881,22.1504781,21423,19.8705956,22741,21.0930875,1,0.00092754,1078,0.9998834,0.942043006
620,948.000453,25597780,27001.8647,0,0,27344,28.8438681,23742,25.0442918,26324,27.7679192,1,0.00105485,948,0.99999952,0.9019146026
621,655.278519,17634089,26910.8303,0,0,19017,29.0212474,16570,25.2869574,18319,27.9560515,1,0.00152607,655,0.99957496,0.9045253562
622,506.694853,13560232,26762.127,0,0,14310,28.2418499,12478,24.6262616,13769,27.1741461,1,0.00197357,507,1.00060223,0.906238652
623,416.659766,11169343,26806.8672,0,0,11778,28.2676681,10237,24.5692069,11342,27.2212508,1,0.00240004,417,1.00081657,0.9025745019
625,533.175899,14258947,26743.42,0,0,15064,28.2533401,13221,24.7966947,14534,27.2592966,1,0.00187555,533,0.99967009,0.9096601073
632,586.022737,4956884,8458.51823,0,0,18101,30.8878801,14209,24.2464995,15650,26.7054485,1,0.00170642,586,0.9999612,0.9079233227
636,376.758548,3100732,8230.02428,0,0,11445,30.3775456,9148,24.2808028,9979,26.4864594,1,0.00265422,377,1.00064087,0.9167251228
637,34.8244182,415954,11944.3201,0,0,965,27.7104414,771,22.1396376,845,24.2645834,1,0.02871548,35,1.00504192,0.9124260355
638,1171.52763,19185310,16376.3189,0,0,47020,40.1356305,35878,30.6249713,41399,35.3376216,1,0.00085359,1172,1.00040321,0.8666392908
639,473.674862,12136873,25622.7931,0,0,4599,9.70919162,4589,9.6880801,4335,9.15184729,1,0.00211115,474,1.00068642,1.058592849
640,164.687524,4065726,24687.5167,0,0,1577,9.57571017,1589,9.64857543,1495,9.07779753,1,0.00607211,165,1.00189739,1.062876254
641,524.296199,13447496,25648.662,0,0,5193,9.90470655,5223,9.96192612,4955,9.45076468,1,0.00190732,525,1.00134237,1.054086781
642,845.058705,21486448,25425.9827,0,0,8071,9.55081576,8114,9.6016998,7610,9.00529153,1,0.00118335,845,0.99993053,1.066228647
643,234.906208,6050324,25756.3393,0,0,2438,10.3786103,2442,10.3956384,2324,9.89331025,1,0.00425702,235,1.00039927,1.050774527
644,705.615481,18839478,26699.3547,0,0,7660,10.8557709,7657,10.8515193,7325,10.3810081,1,0.0014172,706,1.00054494,1.045324232
645,509,13597449,26714.0452,0,0,5572,10.9469548,5538,10.8801572,5322,10.4557957,1,0.00196464,509,1,1.040586246
646,446,11923896,26735.1928,0,0,4825,10.8183857,4792,10.7443946,4595,10.3026906,1,0.00224215,446,1,1.042872688
647,733.86242,19760608,26926.8564,0,0,8066,10.991161,8014,10.920303,7689,10.4774407,1,0.00136265,734,1.00018747,1.042268175
648,427.687576,11250021,26304.2969,0,0,4573,10.6923845,4547,10.6315924,4381,10.2434586,1,0.00233816,428,1.0007305,1.037890892
651,141.769119,3499467,24684.2686,0,0,5177,36.5171206,4320,30.4720805,4980,35.1275373,1,0.00705372,142,1.00162857,0.8674698795
652,317.1774,8158146,25721.0822,0,0,11867,37.4143933,9870,31.1182322,11455,36.1154357,1,0.00315281,317,0.99944069,0.8616324749
653,401.642347,10369429,25817.569,0,0,14936,37.1873138,12466,31.0375639,14395,35.8403443,1,0.00248978,402,1.00089048,0.8659951372
655,255.904118,6475177,25303.1372,0,0,9231,36.0721042,7756,30.3082266,8874,34.6770504,1,0.00390771,256,1.00037468,0.8740139734
656,462.831204,11494087,24834.2958,0,0,2742,5.92440609,2988,6.45591735,2603,5.62408061,1,0.00216061,463,1.0003647,1.147906262
657,400.540214,10051891,25095.8347,0,0,2462,6.14669866,2647,6.60857488,2321,5.79467408,1,0.00249663,401,1.00114791,1.1404567
660,553.822253,13029144,23525.8586,0,0,21852,39.4567027,17932,32.3786195,20939,37.8081593,1,0.00180563,554,1.00032095,0.8563923779
661,174.316655,4077875,23393.4904,0,0,6920,39.6978704,5618,32.2287046,6641,38.0973349,1,0.00573669,174,0.99818345,0.8459569342
706,614.285116,12815346,20862.2115,4292857331,6988379.21,4556,7.41675141,3941,6.41558765,4048,6.58977386,1,0.00162791,615,1.00116377,0.9735671937
707,98.1006918,1907352,19442.7987,4277451499,43602663.9,686,6.99281511,592,6.03461595,612,6.23848811,1,0.01019361,98,0.99897359,0.9673202614
708,306.345991,6372594,20801.95,4289113273,14000879.4,2290,7.47520798,1973,6.44043028,2039,6.65587296,1,0.00326428,307,1.00213487,0.9676311918
713,404.886137,8838129,21828.6777,4290331755,10596390.8,3240,8.00224978,2735,6.75498554,2837,7.00690822,1,0.00246983,405,1.00028122,0.964046528
714,247.544007,5326222,21516.2632,4291544979,17336493.1,1945,7.8571888,1616,6.52813219,1688,6.81898956,1,0.00403969,247,0.99780238,0.9573459716
715,162.89443,3503659,21508.771,4287556772,26321076.6,1305,8.01132365,1085,6.66075568,1137,6.97998083,1,0.00613895,163,1.00064809,0.9542656113
716,336.541914,7385354,21944.8267,4293507990,12757721.4,2627,7.80586277,2180,6.47764783,2260,6.71535968,1,0.0029714,337,1.00136116,0.9646017699
717,321.788124,6929666,21534.8718,4292351379,13339060.9,2448,7.6074902,2041,6.3426828,2118,6.58197069,1,0.00310763,322,1.00065843,0.9636449481
718,181.199726,3966677,21891.1866,4285807196,23652393.4,1485,8.19537665,1218,6.72186449,1277,7.04747204,1,0.00551877,181,0.99889776,0.953797964
719,257.297411,5353728,20807.5471,4287477497,16663508.1,1914,7.43886225,1602,6.22625775,1663,6.46333747,1,0.00388655,258,1.00273065,0.9633193025
720,514.289824,11309679,21990.8668,4292170478,8345820.35,4304,8.36882201,3512,6.82883432,3657,7.11077651,1,0.00194443,514,0.99943646,0.9603500137
721,194.143004,4482737,23089.8714,4292230357,22108601.8,1699,8.75128109,1375,7.08240818,1429,7.36055367,1,0.00515084,194,0.99926341,0.9622113366
722,381.492819,8666714,22717.8955,4293832658,11255343.3,3301,8.65284964,2673,7.00668497,2779,7.28454079,1,0.00262128,382,1.00132946,0.961856783
723,50.5959128,1130105,22335.8951,4282650603,84644200.8,443,8.75564795,363,7.17449256,377,7.45119475,1,0.01976444,50,0.98822212,0.9628647215
724,498.037813,11125605,22338.8761,4294164623,8622165.85,4112,8.2564012,3356,6.73844417,3493,7.01352369,1,0.00200788,498,0.99992408,0.9607787003
725,836.280278,18822471,22507.3716,4293881851,5134500.92,6988,8.35605022,5627,6.72860541,5871,7.02037362,1,0.00119577,837,1.00086062,0.9584397888
726,152.44708,3008333,19733.6216,4284982426,28107999.3,1457,9.55741493,1138,7.46488551,1185,7.77318922,1,0.00655965,152,0.99706731,0.9603375527
727,514.637465,9920998,19277.6443,4293771498,8343293.66,4947,9.61259205,3919,7.61506938,4078,7.92402474,1,0.00194312,515,1.00070445,0.9610102992
728,365.340984,7095306,19421.0513,4292192151,11748455.1,3424,9.37206651,2687,7.35477299,2815,7.70513061,1,0.00273717,365,0.99906667,0.9545293073
729,238.497801,4667282,19569.497,4292447215,17997848.2,2253,9.44662797,1757,7.36694423,1837,7.70237709,1,0.00419291,238,0.99791276,0.9564507349
730,267.39461,5189935,19409.2731,4292449264,16052863.9,2518,9.41679417,1967,7.35616923,2055,7.68527086,1,0.00373979,268,1.00226403,0.9571776156
731,650.03318,9022903,13880.6807,4294124057,6606007.49,6565,10.0994845,4889,7.52115454,5084,7.82113922,1,0.00153838,650,0.99994896,0.9616443745
732,499.486272,6911114,13836.4443,4294657250,8598148.72,5069,10.1484271,3743,7.49369945,3905,7.81803269,1,0.00200206,499,0.99902646,0.9585147247
733,1123.16907,15761917,14033.4322,4294588830,3823635.24,11404,10.1534135,8487,7.55629784,8861,7.88928422,1,0.00089034,1123,0.99984947,0.9577925742
734,243.594241,626189,2570.62318,4288940446,17606904.2,1268,5.20537759,903,3.7069842,921,3.78087757,1,0.00410519,244,1.00166572,0.9804560261
735,112.448075,294229,2616.57658,4231651423,37632048.5,618,5.49586997,439,3.90402414,450,4.00184707,1,0.00889299,113,1.00490826,0.9755555556
736,317.840172,837937,2636.34705,4291316758,13501492.7,1817,5.71670972,1306,4.10898343,1332,4.19078555,1,0.00314624,318,1.00050286,0.9804804805
737,775.878889,1982026,2554.55591,4292733870,5532737.05,4270,5.50343625,3039,3.91684842,3101,3.9967578,1,0.00128886,776,1.0001561,0.9800064495
738,435.587073,10150422,23302.8541,4290741584,9850479.63,3147,7.22473232,2751,6.31561443,2859,6.56355567,1,0.00229575,436,1.00094798,0.962224554
739,991.97633,22729556,22913.4056,4294823385,4329562.36,7130,7.1876715,6295,6.34591755,6527,6.5797941,1,0.00100809,992,1.00002386,0.9644553394
740,600.335033,13811026,23005.5307,4290163117,7146281.47,4345,7.23762527,3796,6.32313591,3933,6.55134181,1,0.00166574,600,0.99944192,0.9651665395
746,791.080018,18586280,23494.8167,4292252652,5425813.52,4559,5.7630074,4143,5.23714404,4248,5.36987398,1,0.00126409,791,0.99989885,0.9752824859
748,498.988005,11736029,23519.6615,4291766857,8600941.93,2975,5.96206716,2679,5.36886653,2765,5.54121536,1,0.00200406,499,1.00002404,0.9688969259
750,362.439665,9019069,24884.3321,4294235137,11848137.9,2244,6.19137532,2104,5.80510414,2154,5.94305813,1,0.00275908,363,1.00154601,0.9767873723
751,317.388299,8056525,25383.8123,4287397689,13508367.2,2058,6.48417098,1897,5.97690591,1971,6.2100588,1,0.00315071,318,1.00192729,0.9624556063
752,654.284773,16552237,25298.2152,4292602678,6560755.89,4026,6.15328397,3718,5.68254093,3841,5.87053247,1,0.00152839,655,1.00109314,0.9679770893
754,82.2972286,2035814,24737.3336,4289516680,52122249.5,780,9.47784043,729,8.85813548,766,9.30772534,1,0.01215108,83,1.00853943,0.9516971279
755,697.179747,17063753,24475.3997,4294585690,6159940.4,6222,8.92452775,5785,8.29771666,6072,8.7093752,1,0.00143435,697,0.99974218,0.9527338603
756,273.392666,6356188,23249.2996,4294791611,15709242.2,2366,8.65421899,2201,8.05069146,2318,8.47864734,1,0.00365774,273,0.99856373,0.949525453
757,62.6517435,1451809,23172.6831,4283565620,68371052.1,502,8.01254637,468,7.46986394,488,7.7890889,1,0.01596125,62,0.98959736,0.9590163934
758,165.196008,3855580,23339.4259,4289914418,25968632.4,1348,8.16000346,1269,7.68178367,1321,7.99656125,1,0.00605342,165,0.99881348,0.9606358819
759,154.692581,3762825,24324.5343,4288763137,27724426.7,1363,8.8110237,1279,8.26801123,1327,8.57830407,1,0.00646443,155,1.00198729,0.9638281839
763,253.292348,5908312,23326.058,4292829535,16948121.7,2099,8.28686699,1973,7.78941809,2071,8.17632279,1,0.00394801,253,0.99884581,0.9526798648
764,303.342686,7028655,23170.6757,4290189173,14143044.7,2508,8.26787695,2353,7.7569037,2472,8.14919929,1,0.0032966,304,1.0021669,0.9518608414
765,71.7999148,1746144,24319.5832,4269038745,59457434.7,635,8.84402164,608,8.46797662,632,8.80223886,1,0.01392759,72,1.00278671,0.9620253165
767,121.299045,4355,35.9030032,4290687623,35372806.3,1012,8.34301705,949,7.82363951,990,8.16164711,1,0.00824409,122,1.00577874,0.9585858586
769,355.78883,12255,34.4445889,4291703614,12062502.4,2974,8.35889085,2790,7.84173015,2922,8.21273674,1,0.00281066,356,1.00059352,0.954825462
770,199.648122,27080,135.638641,4294151592,21508600,6394,32.0263468,5354,26.8171819,6334,31.7258181,1,0.00500881,199,0.99675368,0.8452794443
771,1410.05953,195944,138.961508,4294295899,3045471.34,45431,32.219207,38505,27.3073576,45092,31.9787916,1,0.00070919,1411,1.00066697,0.8539208729
773,298.1463,94599,317.290538,4294042673,14402468.4,21334,71.5554745,15582,52.2629326,21256,71.293858,1,0.00335406,298,0.9995093,0.7330636056
774,355.995382,103800,291.576816,4294068171,12062145.7,23764,66.753675,17439,48.9865906,23672,66.4952447,1,0.00280903,356,1.00001297,0.7366931396
775,397.543015,9509586,23920.8982,4294272591,10802032.5,4302,10.8214705,4026,10.127206,4272,10.7460069,1,0.00251545,398,1.00114952,0.9424157303
776,1172.37171,27999746,23882.9936,4293533742,3662263.18,12850,10.9606876,12019,10.251868,12752,10.8770963,1,0.00085297,1172,0.99968294,0.9425188206
777,75.0483974,1734715,23114.6175,4287936751,57135620.5,754,10.0468501,699,9.31398969,747,9.95357697,1,0.01332473,75,0.99935512,0.9357429719
778,148.195796,3440290,23214.4912,4290105932,28948904.5,1566,10.5671014,1474,9.94630106,1557,10.5063709,1,0.00674783,148,0.9986788,0.9466923571
779,832.929578,18809896,22582.8167,4292699166,5153736.02,8114,9.74151983,7675,9.21446447,8033,9.64427271,1,0.00120058,833,1.00008455,0.9554338354
780,700.28194,17952711,25636.4044,4293869701,6131629.93,7500,10.709972,6967,9.94885003,7355,10.5029126,1,0.001428,700,0.99959739,0.9472467709
781,245.791775,6317897,25704.2653,4288190775,17446437.2,2643,10.7530043,2471,10.0532249,2600,10.5780594,1,0.00406848,246,1.00084716,0.9503846154
782,481.337257,11942778,24811.6634,4293019840,8918943.59,3682,7.64952214,3421,7.10728279,3552,7.37944124,1,0.00207755,481,0.99929933,0.9631193694
783,70.2988944,1776070,25264.551,4287547285,60990252,561,7.98021086,534,7.59613654,554,7.88063603,1,0.01422497,71,1.00997321,0.963898917
784,41.445757,945903,22822.674,4282337750,103323912,270,6.51453899,249,6.00785263,260,6.27325977,1,0.02412792,41,0.98924481,0.9576923077
785,667.736549,16463753,24656.0609,4293895414,6430523.27,5108,7.64972354,4729,7.08213442,4932,7.38614654,1,0.0014976,667,0.99889695,0.9588402271
786,445.087517,9861518,22156.3572,4292945668,9645172.04,2126,4.7765887,1936,4.34970636,1985,4.45979706,1,0.00224675,446,1.00205012,0.9753148615
787,274.945174,6259795,22767.43,4276063393,15552422.1,1276,4.64092524,1184,4.30631308,1209,4.3972403,1,0.00363709,275,1.00019941,0.9793217535
788,78.6002695,1885349,23986.5463,4252501341,54102885,449,5.71244861,418,5.31804793,432,5.49616436,1,0.0127226,78,0.99236301,0.9675925926
789,386.287267,9639440,24954.0713,4291619977,11109918.3,2438,6.31136516,2241,5.80138201,2320,6.00589302,1,0.00258875,386,0.99925634,0.9659482759