run_number,start_time,stop_time,LEBT_mean,LEBT_integral
1,2024-07-09 09:57:49,2024-07-09 10:07:52,4.406564185228928e-05,0.026571582036930438
2,2024-07-09 10:07:59,2024-07-09 10:14:25,4.289459090947873e-05,0.01655731209105879
3,2024-07-09 10:16:21,2024-07-09 10:28:40,4.2527418371635094e-05,0.031427762176638334
4,2024-07-09 10:30:53,2024-07-09 10:55:40,4.295989656063991e-05,0.06388136618567154
6,2024-07-09 10:58:36,2024-07-09 11:02:03,4.306464445343461e-05,0.008914381401860964
7,2024-07-09 11:03:39,2024-07-09 11:05:53,4.06747994607431e-05,0.005450423127739575
8,2024-07-09 11:07:43,2024-07-09 11:16:38,4.1979452257621746e-05,0.022459006957827633
9,2024-07-09 11:20:32,2024-07-09 11:28:05,4.181741870044224e-05,0.018943290671300336
10,2024-07-09 11:30:02,2024-07-09 11:30:18,1.941368880663779e-05,0.00031061902090620465
11,2024-07-09 11:32:04,2024-07-09 11:36:37,4.1196445975507395e-05,0.01124662975131352
12,2024-07-09 11:37:06,2024-07-09 11:37:22,6.522841894749731e-06,0.0001043654703159957
13,2024-07-09 11:38:26,2024-07-09 11:39:06,3.242727629714791e-05,0.0012970910518859164
14,2024-07-09 11:40:21,2024-07-09 11:45:49,4.261651612232733e-05,0.013978217288123365
15,2024-07-09 11:47:40,2024-07-09 11:53:08,4.2431652640647506e-05,0.013917582066132382
16,2024-07-09 11:55:23,2024-07-09 11:56:08,4.231713238072801e-05,0.0019042709571327604
17,2024-07-09 11:56:32,2024-07-09 11:59:48,1.9020008941690156e-05,0.0037279217525712704
18,2024-07-09 12:02:17,2024-07-09 12:07:55,4.234342682825451e-05,0.014312078267950024
19,2024-07-09 12:08:24,2024-07-09 12:09:48,3.7012640110834195e-05,0.0031090617693100724
20,2024-07-09 12:11:58,2024-07-09 12:13:19,4.2215096603262236e-05,0.0034194228248642412
21,2024-07-09 12:13:43,2024-07-09 12:18:13,4.213213513108589e-05,0.01137567648539319
22,2024-07-09 12:19:26,2024-07-09 12:21:46,4.214504439475191e-05,0.0059003062152652675
23,2024-07-09 12:23:54,2024-07-09 12:27:14,4.230822901897549e-05,0.008461645803795098
24,2024-07-09 12:30:43,2024-07-09 12:32:03,4.211338136346275e-05,0.00336907050907702
25,2024-07-09 12:32:53,2024-07-09 12:33:57,4.199811753046745e-05,0.0026878795219499167
26,2024-07-09 12:34:41,2024-07-09 12:35:23,2.7487507191248255e-05,0.0011544753020324267
27,2024-07-09 12:37:15,2024-07-09 12:44:17,4.2089218914680244e-05,0.017761650381995064
28,2024-07-09 12:45:33,2024-07-09 12:47:31,3.917014070498555e-05,0.0046220766031882955
29,2024-07-09 12:49:16,2024-07-09 12:53:42,4.059555066931914e-05,0.010798416478038891
30,2024-07-09 12:54:20,2024-07-09 12:55:20,4.197873257623818e-05,0.0025187239545742908
31,2024-07-09 13:04:56,2024-07-09 13:05:31,2.807097658044454e-05,0.000982484180315559
32,2024-07-09 13:07:31,2024-07-09 13:08:58,3.790513140105064e-05,0.0032977464318914057
33,2024-07-09 13:11:17,2024-07-09 13:18:03,4.0874232500521604e-05,0.01659493839521177
34,2024-07-09 13:18:58,2024-07-09 13:21:22,3.859413533781367e-05,0.005557555488645169
35,2024-07-09 13:23:08,2024-07-09 13:31:26,4.1676257262876934e-05,0.020754776116912715
36,2024-07-09 13:31:37,2024-07-09 13:33:26,3.8963913110305635e-05,0.004247066529023315
37,2024-07-09 13:36:03,2024-07-09 13:41:54,4.1621448258438804e-05,0.014609128338712021
38,2024-07-09 13:42:39,2024-07-09 13:46:23,4.0235514935189e-05,0.009012755345482336
39,2024-07-09 13:48:13,2024-07-09 13:49:17,4.1583603054058863e-05,0.0026613505954597673
40,2024-07-09 13:49:37,2024-07-09 13:52:05,4.1536600573191686e-05,0.00614741688483237
41,2024-07-09 13:52:56,2024-07-09 13:54:37,4.154570653561258e-05,0.0041961163600968705
42,2024-07-09 13:55:12,2024-07-09 13:57:15,4.154802582511164e-05,0.005110407176488732
43,2024-07-09 13:57:51,2024-07-09 13:59:03,4.150236838054445e-05,0.0029881705233992003
44,2024-07-09 13:59:41,2024-07-09 14:00:51,4.139830352886048e-05,0.0028978812470202334
45,2024-07-09 14:01:27,2024-07-09 14:02:20,3.480348994180347e-05,0.0018445849669155839
46,2024-07-09 14:04:40,2024-07-09 14:20:42,4.144288484013532e-05,0.039868055216210174
47,2024-07-09 14:23:46,2024-07-09 14:25:08,2.2755418167812665e-05,0.0018659442897606385
48,2024-07-09 14:25:59,2024-07-09 14:29:51,4.151234953419256e-05,0.009630865091932674
49,2024-07-09 14:32:07,2024-07-09 14:39:06,4.1382125616806675e-05,0.017339110633441998
50,2024-07-09 14:49:04,2024-07-09 14:54:05,4.1245816544568806e-05,0.012414990779915211
51,2024-07-09 14:54:36,2024-07-09 15:00:24,4.011620248543396e-05,0.013960438464931018
52,2024-07-09 15:03:59,2024-07-09 15:04:36,2.869504312752453e-05,0.0010617165957184076
53,2024-07-09 15:06:56,2024-07-09 15:15:09,4.0454006095099715e-05,0.01994382500488416
54,2024-07-09 15:16:44,2024-07-09 15:17:44,4.1181050333030954e-05,0.002470863019981857
55,2024-07-09 15:20:52,2024-07-09 15:25:49,4.12067541995412e-05,0.012238405997263736
56,2024-07-09 15:27:04,2024-07-09 15:28:28,3.0490851215319023e-05,0.002561231502086798
57,2024-07-09 15:31:26,2024-07-09 15:43:41,4.1195869000942834e-05,0.030278963715692983
58,2024-07-09 15:47:24,2024-07-09 15:53:23,4.111793193871676e-05,0.014761337565999318
59,2024-07-09 15:55:36,2024-07-09 15:56:33,4.1076464395045095e-05,0.00234135847051757
60,2024-07-09 15:57:46,2024-07-09 15:59:44,3.850814258756767e-05,0.004543960825332986
61,2024-07-09 16:02:44,2024-07-09 16:08:39,4.1116787615038724e-05,0.014596459603338748
62,2024-07-09 16:08:47,2024-07-09 16:13:26,4.1165902479146125e-05,0.01148528679168177
63,2024-07-09 16:14:42,2024-07-09 16:17:35,3.943545247717466e-05,0.006822333278551217
64,2024-07-09 16:19:20,2024-07-09 16:21:08,3.676607816247611e-05,0.00397073644154742
65,2024-07-09 16:21:45,2024-07-09 16:27:34,4.113358248278074e-05,0.014355620286490478
66,2024-07-09 16:27:40,2024-07-09 16:27:52,8.359638574467114e-06,0.00010031566289360537
67,2024-07-09 16:30:03,2024-07-09 16:35:08,4.106708915649313e-05,0.012525462192730404
68,2024-07-09 16:38:22,2024-07-09 16:47:11,4.108574622926138e-05,0.021734359755279268
69,2024-07-09 16:59:30,2024-07-09 17:19:16,4.075616570648186e-05,0.04833681252788749
70,2024-07-09 17:30:51,2024-07-09 17:36:58,3.766828504978428e-05,0.01382426061327083
71,2024-07-09 17:39:19,2024-07-09 17:41:34,3.813719409357928e-05,0.005148521202633202
72,2024-07-09 17:42:23,2024-07-09 17:54:08,3.938704752464994e-05,0.027767868504878206
73,2024-07-09 17:56:06,2024-07-09 17:59:32,3.808289938903977e-05,0.007845077274142192
74,2024-07-10 13:54:51,2024-07-10 14:00:18,3.8239641300857413e-05,0.012504362705380374
75,2024-07-10 14:02:52,2024-07-10 14:26:57,3.892960429402291e-05,0.0562532782048631
76,2024-07-10 14:29:12,2024-07-10 14:41:46,3.942429662437678e-05,0.029725919654780095
77,2024-07-10 14:59:10,2024-07-10 15:04:44,3.9531098574625335e-05,0.013203386923924861
78,2024-07-10 15:07:14,2024-07-10 15:17:09,3.884673404072474e-05,0.023113806754231223
79,2024-07-10 15:23:28,2024-07-10 15:36:18,4.0053416265768814e-05,0.030841130524641987
80,2024-07-10 15:39:37,2024-07-10 15:48:00,3.9816109821035884e-05,0.02002750323998105
81,2024-07-10 15:49:46,2024-07-10 16:04:27,3.8053013691182326e-05,0.03352470506193163
82,2024-07-10 16:06:15,2024-07-10 16:22:05,4.000120548179362e-05,0.03800114520770394
83,2024-07-10 16:25:59,2024-07-10 16:26:30,2.7779562553273898e-05,0.0008611664391514908
84,2024-07-10 16:28:20,2024-07-10 16:37:12,3.939330785479032e-05,0.02095723977874845
85,2024-07-10 16:43:48,2024-07-10 16:53:53,3.9697106677619066e-05,0.024016749539959536
86,2024-07-10 16:57:52,2024-07-10 17:02:51,3.8328205396161806e-05,0.01146013341345238
87,2024-07-10 17:05:16,2024-07-10 17:12:10,4.024087659851896e-05,0.01665972291178685
88,2024-07-10 17:16:21,2024-07-10 17:18:26,4.026211453045326e-05,0.005032764316306657
89,2024-07-10 17:20:15,2024-07-10 17:23:50,4.0164187533203075e-05,0.008635300319638661
90,2024-07-10 17:30:03,2024-07-10 17:32:05,3.7263759619556735e-05,0.004546178673585922
91,2024-07-10 17:32:40,2024-07-10 17:33:28,4.011833316056575e-05,0.001925679991707156
92,2024-07-10 17:35:33,2024-07-10 17:38:05,3.8033873778315354e-05,0.005781148814303934
93,2024-07-10 17:40:09,2024-07-10 17:42:36,4.012080411889094e-05,0.005897758205476968
94,2024-07-10 17:42:54,2024-07-10 17:46:59,4.018163664273807e-05,0.009844500977470826
95,2024-07-10 17:51:09,2024-07-10 18:08:05,3.974340470040729e-05,0.04037929917561381
96,2024-07-11 09:56:06,2024-07-11 10:09:38,4.048307430260643e-05,0.032872256333716425
97,2024-07-11 10:11:45,2024-07-11 10:15:44,3.9745669950355066e-05,0.009499215118134861
98,2024-07-11 10:16:46,2024-07-11 10:24:04,4.00542028797186e-05,0.017543740861316746
99,2024-07-11 10:26:03,2024-07-11 10:32:36,4.052208080787525e-05,0.015925177757494975
100,2024-07-11 10:35:41,2024-07-11 10:40:26,2.151303837410509e-05,0.006131215936619951
101,2024-07-11 10:42:03,2024-07-11 10:48:00,3.955793554049213e-05,0.01412218298795569
102,2024-07-11 10:52:28,2024-07-11 11:15:31,3.991127512742327e-05,0.05519729350122638
103,2024-07-11 11:18:00,2024-07-11 11:20:16,4.013426958282581e-05,0.00545826066326431
104,2024-07-11 11:24:55,2024-07-11 11:33:43,3.95395403207821e-05,0.02087687728937295
105,2024-07-11 11:38:22,2024-07-11 11:55:06,3.94424457269058e-05,0.03960021550981343
106,2024-07-11 11:58:15,2024-07-11 11:59:04,2.871177415334695e-05,0.0014068769335140005
107,2024-07-11 12:11:29,2024-07-11 12:26:05,3.931558294602448e-05,0.034440450660717443
108,2024-07-11 12:29:27,2024-07-11 12:35:23,3.827284385497631e-05,0.013625132412371566
109,2024-07-11 12:37:25,2024-07-11 12:37:56,2.9565462393290417e-05,0.000916529334192003
110,2024-07-11 12:39:36,2024-07-11 12:40:36,3.426440804413592e-05,0.002055864482648155
111,2024-07-11 12:54:50,2024-07-11 12:56:05,3.5192900234437e-05,0.002639467517582775
112,2024-07-11 12:59:39,2024-07-11 13:05:51,3.830779792255166e-05,0.014250500827189217
113,2024-07-11 13:08:53,2024-07-11 13:25:26,3.878453382118579e-05,0.03851304208443749
114,2024-07-11 13:30:02,2024-07-11 13:42:16,3.872914644389186e-05,0.028427193489816625
115,2024-07-11 13:45:25,2024-07-11 13:51:58,3.829061050704972e-05,0.01504820992927054
116,2024-07-11 13:54:45,2024-07-11 14:02:21,3.9010850295036686e-05,0.01778894773453673
117,2024-07-11 14:03:57,2024-07-11 14:13:08,3.848322950040715e-05,0.021204259454724338
118,2024-07-11 14:15:56,2024-07-11 14:31:23,3.877618396026077e-05,0.03594552253116173
119,2024-07-11 14:33:48,2024-07-11 14:45:47,3.866233115988679e-05,0.0277982161039586
120,2024-07-11 14:48:28,2024-07-11 14:59:34,3.903999771810463e-05,0.026000638480257684
121,2024-07-11 15:04:08,2024-07-11 15:07:56,3.4989488320404525e-05,0.007977603337052231
122,2024-07-11 15:08:14,2024-07-11 15:09:30,3.889664609428178e-05,0.0029561451031654153
123,2024-07-11 15:10:29,2024-07-11 15:27:58,3.886328475918194e-05,0.04076758571238186
124,2024-07-11 15:38:43,2024-07-11 15:48:31,3.5698649665719024e-05,0.020990806003442785
125,2024-07-11 15:48:50,2024-07-11 15:55:30,3.7873718349547484e-05,0.015149487339818994
126,2024-07-11 16:00:40,2024-07-11 16:09:50,3.8752686083473824e-05,0.021313977345910604
127,2024-07-11 16:12:55,2024-07-11 16:14:23,3.25043567015985e-05,0.002860383389740668
128,2024-07-11 16:22:09,2024-07-11 16:27:33,3.894118376258413e-05,0.012616943539077257
129,2024-07-11 16:31:08,2024-07-11 17:20:53,2.997539712539353e-05,0.08947656041929969
130,2024-07-11 17:28:18,2024-07-11 17:33:06,3.7366519119092806e-05,0.010761557506298728
131,2024-07-11 17:35:00,2024-07-11 17:50:43,3.8518171530515824e-05,0.03632263575327642
132,2024-07-11 17:53:20,2024-07-11 18:00:05,3.8315452161125404e-05,0.015517758125255788
133,2024-07-12 09:59:25,2024-07-12 10:14:27,3.8903392902412574e-05,0.03509086039797614
134,2024-07-12 10:19:28,2024-07-12 10:29:13,3.879050189947273e-05,0.022692443611191545
135,2024-07-12 10:43:46,2024-07-12 10:54:36,3.864453000101488e-05,0.025118944500659674
136,2024-07-12 11:02:18,2024-07-12 11:15:14,3.836740299027984e-05,0.029773104720457154
137,2024-07-12 11:21:22,2024-07-12 11:22:45,3.1136411332408396e-05,0.002584322140589897
138,2024-07-12 11:25:53,2024-07-12 11:26:25,2.8656017550690442e-05,0.0009169925616220941
139,2024-07-12 11:28:33,2024-07-12 11:29:01,2.5576409892022437e-05,0.0007161394769766283
140,2024-07-12 11:30:55,2024-07-12 11:31:10,9.60655204856417e-06,0.00014409828072846256
141,2024-07-12 11:38:06,2024-07-12 11:38:39,2.9178002324706583e-05,0.0009628740767153172
142,2024-07-12 11:42:06,2024-07-12 11:42:45,3.180075026714467e-05,0.0012402292604186422
143,2024-07-12 11:46:04,2024-07-12 11:47:28,3.5469089610525166e-05,0.0029794035272841138
144,2024-07-12 11:48:57,2024-07-12 11:50:28,3.570429723589138e-05,0.0032490910484661156
145,2024-07-12 11:52:06,2024-07-12 11:53:16,3.3621796870366645e-05,0.0023535257809256653
146,2024-07-12 11:55:51,2024-07-12 11:56:27,3.091943355696543e-05,0.0011130996080507554
147,2024-07-12 11:58:00,2024-07-12 12:14:02,3.7827240670105686e-05,0.03638980552464167
148,2024-07-12 12:17:34,2024-07-12 12:29:25,3.684912444546174e-05,0.026199727480723297
149,2024-07-12 12:33:45,2024-07-12 12:34:59,3.351296033477366e-05,0.002479959064773251
150,2024-07-12 12:38:45,2024-07-12 12:45:59,3.68162599379617e-05,0.015978256813075378
151,2024-07-12 12:52:30,2024-07-12 12:52:48,1.6496439951385953e-05,0.0002969359191249472
152,2024-07-12 12:53:31,2024-07-12 13:23:13,3.7148006363882305e-05,0.06619774734043826
153,2024-07-12 13:27:31,2024-07-12 13:36:16,3.675040045212338e-05,0.019293960237364773
154,2024-07-12 13:38:58,2024-07-12 13:39:36,2.948240558748836e-05,0.0011203314123245575
155,2024-07-12 13:42:01,2024-07-12 13:42:35,2.927251422668047e-05,0.000995265483707136
156,2024-07-12 13:44:50,2024-07-12 13:51:56,3.625638284416852e-05,0.015445219091615787
157,2024-07-12 13:55:05,2024-07-12 14:00:51,3.584712599085319e-05,0.012403105592835204
158,2024-07-12 14:03:08,2024-07-12 14:03:36,3.2717189864043946e-05,0.0009160813161932305
159,2024-07-12 14:07:55,2024-07-12 14:12:04,3.674319960585861e-05,0.009149056701858794
160,2024-07-12 14:13:12,2024-07-12 14:17:40,3.55080133039623e-05,0.009516147565461897
161,2024-07-12 14:21:07,2024-07-12 14:22:54,3.6428452863067044e-05,0.003897844456348174
162,2024-07-12 14:34:56,2024-07-12 14:41:17,3.567497976017418e-05,0.013592167288626363
163,2024-07-12 14:45:08,2024-07-12 14:51:44,3.6015576602145445e-05,0.014262168334449597
164,2024-07-12 14:52:42,2024-07-12 15:00:26,3.618707312052652e-05,0.016790801927924304
165,2024-07-12 15:01:14,2024-07-12 15:05:16,3.489130933247221e-05,0.008443696858458275
166,2024-07-12 15:07:13,2024-07-12 15:12:39,3.5829685295159045e-05,0.01168047740622185
167,2024-07-12 15:15:23,2024-07-12 15:19:29,3.472847149492714e-05,0.008543203987752076
168,2024-07-12 15:22:19,2024-07-12 15:27:21,3.6042999302692785e-05,0.01088498578941322
169,2024-07-12 15:33:39,2024-07-12 15:38:10,3.5855384659404265e-05,0.009716809242698556
170,2024-07-12 15:38:16,2024-07-12 15:47:01,3.5228235991312425e-05,0.018494823895439022
171,2024-07-12 15:50:05,2024-07-12 16:01:35,3.542393539713487e-05,0.024442515424023058
172,2024-07-12 16:04:21,2024-07-12 16:12:27,3.501924068326569e-05,0.017019350972067124
173,2024-07-12 16:18:20,2024-07-12 16:22:34,3.446967208520406e-05,0.00875529670964183
174,2024-07-12 16:25:36,2024-07-12 16:27:26,3.5680722080198e-05,0.00392487942882178
175,2024-07-12 16:35:03,2024-07-12 16:39:16,3.3985208546416844e-05,0.00859825776224346
176,2024-07-12 16:42:09,2024-07-12 16:48:24,3.506176089546791e-05,0.013148160335800466
177,2024-07-12 17:00:20,2024-07-12 17:10:17,3.490852446622229e-05,0.020840389106334706
178,2024-07-12 17:15:52,2024-07-12 17:20:23,3.466568798343256e-05,0.009394401443510223
179,2024-07-12 17:23:37,2024-07-12 17:39:34,3.490367834893183e-05,0.03340282017992776
180,2024-07-12 17:49:12,2024-07-12 18:01:12,3.5216685864498465e-05,0.025356013822438895
181,2024-07-15 09:57:12,2024-07-15 09:58:18,3.663905118179029e-05,0.0024181773779981593
182,2024-07-15 09:59:48,2024-07-15 10:15:17,4.113097685601556e-05,0.038210677499238455
183,2024-07-15 10:17:10,2024-07-15 10:24:15,4.0228946994242885e-05,0.017097302472553227
184,2024-07-15 10:24:36,2024-07-15 10:29:05,3.9930655749449274e-05,0.010741346396601854
185,2024-07-15 10:35:28,2024-07-15 10:53:08,3.9263993788688935e-05,0.04161983341601027
186,2024-07-15 10:56:30,2024-07-15 11:09:45,3.8751607073208125e-05,0.03080752762320046
187,2024-07-15 11:15:15,2024-07-15 11:24:24,3.848807182665645e-05,0.02112995143283439
188,2024-07-15 11:27:45,2024-07-15 11:42:24,3.8451276153677286e-05,0.03379867173908233
189,2024-07-15 11:44:18,2024-07-15 11:59:29,3.8109603643675136e-05,0.03471784891938805
190,2024-07-15 12:01:32,2024-07-15 12:35:15,3.769271776261191e-05,0.0762523680337639
191,2024-07-15 12:38:21,2024-07-15 12:51:21,3.7176150474799434e-05,0.02899739737034356
192,2024-07-15 17:25:51,2024-07-15 17:31:17,4.0172888398557696e-05,0.013096361617929809
193,2024-07-15 17:34:32,2024-07-15 17:52:16,4.0820979428037316e-05,0.043433522111431706
194,2024-07-15 17:54:29,2024-07-15 18:10:53,4.082800198574156e-05,0.040174753953969695
195,2024-07-16 12:01:53,2024-07-16 12:08:24,3.657169418069278e-05,0.014299532424650877
196,2024-07-16 12:08:32,2024-07-16 12:15:08,3.5655584946819115e-05,0.01411961163894037
197,2024-07-16 12:31:50,2024-07-16 12:51:35,3.866736368233017e-05,0.045820825963561254
198,2024-07-16 12:52:59,2024-07-16 13:09:42,4.0518285912594904e-05,0.04063984077033269
199,2024-07-16 13:12:09,2024-07-16 13:22:22,4.051454862731747e-05,0.02483541830854561
200,2024-07-16 13:29:16,2024-07-16 13:36:09,3.978766470756317e-05,0.01643230552422359
201,2024-07-16 13:38:11,2024-07-16 13:40:09,4.048629630606149e-05,0.0047773829641152565
202,2024-07-16 13:49:18,2024-07-16 13:54:06,4.05795375448541e-05,0.011686906812917982
203,2024-07-16 13:54:17,2024-07-16 13:56:30,3.8452308510248554e-05,0.005114157031863058
204,2024-07-16 14:05:35,2024-07-16 14:12:40,3.928789711856607e-05,0.016697356275390582
205,2024-07-16 14:14:51,2024-07-16 14:20:20,4.0343892529208286e-05,0.013273140642109526
206,2024-07-16 14:26:29,2024-07-16 14:35:04,3.983975829472254e-05,0.020517475521782107
207,2024-07-16 14:38:17,2024-07-16 14:44:19,3.940274207827658e-05,0.014263792632336122
208,2024-07-16 14:47:34,2024-07-16 14:53:40,3.8973151218668515e-05,0.014264173346032676
209,2024-07-16 14:56:53,2024-07-16 14:59:31,3.692915816930168e-05,0.005834806990749666
210,2024-07-16 15:04:12,2024-07-16 15:05:36,3.568276692662914e-05,0.0029973524218368476
211,2024-07-16 15:06:55,2024-07-16 15:25:46,3.979925411300748e-05,0.04501295640181146
212,2024-07-16 15:28:03,2024-07-16 15:37:13,3.959033568270493e-05,0.021774684625487713
213,2024-07-16 15:38:29,2024-07-16 15:41:12,3.817136591099207e-05,0.006221932643491707
214,2024-07-16 15:46:29,2024-07-16 15:56:57,3.956905556079033e-05,0.024849366892176327
215,2024-07-16 15:59:53,2024-07-16 16:06:33,3.8807974121502215e-05,0.015523189648600886
216,2024-07-16 16:10:37,2024-07-16 16:12:28,3.620408351688372e-05,0.0040186532703740925
217,2024-07-16 16:13:47,2024-07-16 16:28:43,3.976797128262883e-05,0.03563210226923543
218,2024-07-16 16:35:04,2024-07-16 16:40:40,3.8756814129463416e-05,0.013022289547499708
219,2024-07-16 16:42:29,2024-07-16 16:45:03,3.9638737125124e-05,0.006104365517269095
220,2024-07-16 17:36:51,2024-07-16 17:37:40,3.9637367128363036e-05,0.0019422309892897888
221,2024-07-16 17:37:55,2024-07-16 17:48:25,3.88390536958876e-05,0.024468603828409187
222,2024-07-16 17:50:14,2024-07-16 18:09:55,3.916184265052271e-05,0.04625013617026732
223,2024-07-17 09:55:26,2024-07-17 10:04:58,3.5446938057439376e-05,0.020275648568855324
224,2024-07-17 10:06:37,2024-07-17 10:14:13,3.648805464698573e-05,0.016638552919025492
225,2024-07-17 10:16:44,2024-07-17 10:17:47,3.3200448134341824e-05,0.002091628232463535
226,2024-07-17 10:19:49,2024-07-17 10:36:52,3.7032915066333884e-05,0.03788467211285956
227,2024-07-17 10:52:39,2024-07-17 11:11:13,3.870941469846205e-05,0.04312228797408672
228,2024-07-17 11:15:14,2024-07-17 11:15:57,3.163630385496449e-05,0.001360361065763473
229,2024-07-17 11:18:05,2024-07-17 11:22:42,3.86786797841321e-05,0.010713994300204591
230,2024-07-17 11:35:41,2024-07-17 11:38:34,3.5592241822465285e-05,0.006157457835286494
231,2024-07-17 11:45:04,2024-07-17 11:47:39,3.818253498414982e-05,0.005918292922543223
232,2024-07-17 11:48:55,2024-07-17 11:50:15,3.782636163498928e-05,0.0030261089307991426
233,2024-07-17 11:52:28,2024-07-17 11:59:14,1.0861103486701737e-05,0.004409608015600905
234,2024-07-17 11:59:46,2024-07-17 12:00:31,3.813204569652167e-05,0.001715942056343475
235,2024-07-17 12:00:55,2024-07-17 12:07:33,3.807621907751212e-05,0.015154335192849823
236,2024-07-17 12:09:39,2024-07-17 12:12:53,3.802275539614118e-05,0.007376414546851388
237,2024-07-17 12:13:34,2024-07-17 12:13:49,-8.736337109355693e-07,-1.3104505664033539e-05
238,2024-07-17 12:15:48,2024-07-17 12:23:09,3.769545525739024e-05,0.016623695768509097
239,2024-07-17 12:24:55,2024-07-17 12:25:30,3.766904741243361e-05,0.0013184166594351764
240,2024-07-17 12:30:47,2024-07-17 12:32:00,3.778741710693223e-05,0.0027584814488060528
241,2024-07-17 12:32:13,2024-07-17 12:38:59,3.708463329198959e-05,0.015056361116547772
242,2024-07-17 12:47:45,2024-07-17 12:48:44,3.341840616359775e-05,0.0019716859636522673
243,2024-07-17 12:51:23,2024-07-17 12:58:10,3.6743158964023596e-05,0.014954465698357603
244,2024-07-17 13:06:49,2024-07-17 13:08:35,3.7701424270783935e-05,0.003996350972703097
245,2024-07-17 13:16:21,2024-07-17 13:18:31,3.725188108146001e-05,0.004842744540589801
246,2024-07-17 13:18:39,2024-07-17 13:33:49,3.7325087362344293e-05,0.033965829499733306
247,2024-07-17 13:35:25,2024-07-17 13:35:40,1.3479393030384486e-05,0.00020219089545576728
248,2024-07-17 13:38:21,2024-07-17 13:41:23,3.708702935813614e-05,0.006749839343180778
249,2024-07-17 13:44:00,2024-07-17 13:47:13,3.7084642189265706e-05,0.007157335942528281
250,2024-07-17 13:48:46,2024-07-17 13:54:16,3.722241604617544e-05,0.012283397295237895
251,2024-07-17 14:03:58,2024-07-17 14:07:08,3.564288629574722e-05,0.006772148396191971
252,2024-07-17 14:09:23,2024-07-17 14:25:47,3.6338044900066544e-05,0.03575663618166548
253,2024-07-17 14:29:09,2024-07-17 14:39:08,3.60218895348477e-05,0.02157711183137377
254,2024-07-17 14:54:11,2024-07-17 15:09:30,4.0790480278345964e-05,0.037486451375799944
255,2024-07-17 15:21:06,2024-07-17 15:29:26,2.8345114276963496e-05,0.014172557138481747
256,2024-07-17 15:29:37,2024-07-17 15:38:22,4.011858273125185e-05,0.02106225593390722
257,2024-07-17 15:41:15,2024-07-17 15:44:03,4.0609735915784065e-05,0.006822435633851723
258,2024-07-17 15:47:58,2024-07-17 15:55:28,3.951699693603404e-05,0.017782648621215317
259,2024-07-17 16:00:01,2024-07-17 16:06:41,3.9883044188154645e-05,0.01595321767526186
260,2024-07-17 16:09:18,2024-07-17 16:21:28,4.010739518409301e-05,0.0292783984843879
261,2024-07-17 16:23:33,2024-07-17 16:43:50,4.02266323580951e-05,0.048955811579801736
262,2024-07-17 16:54:00,2024-07-17 17:02:46,3.987062478895715e-05,0.02097194863899146
263,2024-07-17 17:03:30,2024-07-17 17:12:34,3.9844318695550086e-05,0.02167530937037925
264,2024-07-17 17:14:41,2024-07-17 17:29:37,4.012517722710163e-05,0.035952158795483066
265,2024-07-17 17:32:37,2024-07-17 17:36:19,3.898816503747584e-05,0.008655372638319636
266,2024-07-17 17:37:05,2024-07-17 17:45:33,3.970955595321461e-05,0.020172454424233023
267,2024-07-17 17:47:12,2024-07-17 18:00:05,3.9310383470370287e-05,0.03038692642259623
268,2024-07-17 18:02:16,2024-07-17 18:04:25,3.7438438930307936e-05,0.0048295586220097235
269,2024-07-18 10:02:03,2024-07-18 10:03:05,3.06386345570822e-05,0.0018995953425390965
270,2024-07-18 10:09:30,2024-07-18 10:11:04,3.982538627182235e-05,0.0037435863095513005
271,2024-07-18 10:11:13,2024-07-18 10:15:01,3.88935871726087e-05,0.008867737875354784
272,2024-07-18 10:17:52,2024-07-18 10:21:01,3.7818204819048125e-05,0.007147640710800095
273,2024-07-18 10:25:38,2024-07-18 10:28:06,3.737077623606731e-05,0.005530874882937961
274,2024-07-18 10:28:55,2024-07-18 10:32:20,3.81918402822119e-05,0.00782932725785344
275,2024-07-18 10:33:12,2024-07-18 10:40:04,3.865270789813481e-05,0.015924915654031542
276,2024-07-18 10:41:50,2024-07-18 10:52:02,3.8860526112882715e-05,0.02378264198108422
277,2024-07-18 10:53:53,2024-07-18 11:01:10,3.8321942110826046e-05,0.01674668870243098
278,2024-07-18 11:02:10,2024-07-18 11:11:36,3.842806069169387e-05,0.021750282351498732
279,2024-07-18 11:12:18,2024-07-18 11:14:26,3.668075543653269e-05,0.004695136695876185
280,2024-07-18 11:15:16,2024-07-18 11:18:08,3.6832840091287655e-05,0.006335248495701476
281,2024-07-18 11:19:34,2024-07-18 11:21:57,3.718301229883686e-05,0.005317170758733671
282,2024-07-18 11:23:06,2024-07-18 11:24:20,3.419321371064269e-05,0.0025302978145875592
283,2024-07-18 11:25:00,2024-07-18 11:27:44,3.670198957058174e-05,0.006019126289575406
284,2024-07-18 11:30:03,2024-07-18 11:33:18,3.7052243876770805e-05,0.007225187555970307
285,2024-07-18 11:35:15,2024-07-18 11:48:05,3.8074529744168625e-05,0.02931738790300984
286,2024-07-18 11:50:07,2024-07-18 11:51:42,3.5349774317194595e-05,0.0033582285601334865
287,2024-07-18 11:53:41,2024-07-18 11:55:03,3.478641359553362e-05,0.0028524859148337566
288,2024-07-18 11:56:22,2024-07-18 11:56:45,2.5031504110506514e-05,0.0005757245945416499
289,2024-07-18 11:58:13,2024-07-18 12:12:20,3.802598035813096e-05,0.03220800536333692
290,2024-07-18 12:15:31,2024-07-18 12:27:23,3.7729276334182564e-05,0.026863244749937985
291,2024-07-18 12:30:13,2024-07-18 12:32:07,3.495807729467249e-05,0.003985220811592664
292,2024-07-18 12:32:51,2024-07-18 12:36:43,3.64673576581218e-05,0.008460426976684258
293,2024-07-18 12:43:46,2024-07-18 12:56:14,3.7379328079392676e-05,0.027959737403385723
294,2024-07-18 12:59:30,2024-07-18 13:01:56,3.5340151902965836e-05,0.005159662177833012
295,2024-07-18 13:03:09,2024-07-18 13:07:40,3.660088366480398e-05,0.009918839473161878
296,2024-07-18 13:08:53,2024-07-18 13:09:51,3.2664471987615425e-05,0.0018945393752816946
297,2024-07-18 13:10:41,2024-07-18 13:12:02,3.396762549788358e-05,0.0027513776653285697
298,2024-07-18 13:12:46,2024-07-18 13:16:24,3.654365990045394e-05,0.007966517858298959
299,2024-07-18 13:19:22,2024-07-18 13:24:04,3.647119727754445e-05,0.010284877632267535
300,2024-07-18 13:34:33,2024-07-18 13:43:29,3.7388257584963174e-05,0.020040106065540263
301,2024-07-18 13:49:30,2024-07-18 14:05:53,3.714586483182848e-05,0.036514385129687396
302,2024-07-18 14:13:25,2024-07-18 14:19:14,4.2341668988624236e-05,0.014777242477029858
303,2024-07-18 14:23:56,2024-07-18 14:29:23,3.677338836594585e-05,0.012024897995664292
304,2024-07-18 14:42:52,2024-07-18 14:52:21,3.7104983854426804e-05,0.021112735813168852
305,2024-07-18 14:53:06,2024-07-18 15:11:46,4.1347376127112084e-05,0.04630906126236553
306,2024-07-18 15:13:44,2024-07-18 15:30:18,4.099257508691465e-05,0.040746619636393165
307,2024-07-18 15:31:35,2024-07-18 15:33:41,3.915427600275819e-05,0.004933438776347532
308,2024-07-18 15:35:01,2024-07-18 15:36:20,3.79567567564753e-05,0.0029985837837615487
309,2024-07-18 15:36:57,2024-07-18 15:41:00,4.0022024919851465e-05,0.009725352055523906
310,2024-07-18 15:41:48,2024-07-18 15:47:22,4.0704526709500954e-05,0.013595311920973319
311,2024-07-18 15:57:33,2024-07-18 16:01:12,3.929349559837657e-05,0.00860527553604447
312,2024-07-18 16:03:06,2024-07-18 16:05:25,4.1435894524833186e-05,0.005759589338951813
313,2024-07-18 16:09:04,2024-07-18 16:11:07,3.917985189632447e-05,0.00481912178324791
314,2024-07-18 16:11:45,2024-07-18 16:14:51,4.1318125016461145e-05,0.007685171253061773
315,2024-07-18 16:15:23,2024-07-18 16:39:38,3.623952735257074e-05,0.05272851229799043
316,2024-07-18 16:44:35,2024-07-18 16:55:25,4.102359838492982e-05,0.026665338950204384
317,2024-07-18 16:57:53,2024-07-18 17:10:02,4.1228974975577465e-05,0.03005592275719597
318,2024-07-18 17:12:15,2024-07-18 17:29:07,4.129420201034957e-05,0.041789732434473766
319,2024-07-18 17:33:42,2024-07-18 17:36:49,3.822660609451672e-05,0.007148375339674627
320,2024-07-18 17:40:35,2024-07-18 17:49:21,4.108680696437439e-05,0.02161166046326093
321,2024-07-18 17:50:24,2024-07-18 17:55:58,4.057593592708175e-05,0.013552362599645304
322,2024-07-18 18:00:20,2024-07-18 18:07:03,4.0670815025059624e-05,0.01639033845509903
323,2024-07-19 10:42:44,2024-07-19 10:48:12,3.8966682368023156e-05,0.012781071816711596
324,2024-07-19 10:50:19,2024-07-19 10:54:07,3.8834211531977144e-05,0.008854200229290789
325,2024-07-19 10:54:54,2024-07-19 10:56:20,3.688437293488165e-05,0.0031720560723998217
326,2024-07-19 10:57:59,2024-07-19 11:03:00,3.90085528933596e-05,0.011741574420901239
327,2024-07-19 11:03:47,2024-07-19 11:12:11,3.9129965094494187e-05,0.01972150240762507
328,2024-07-19 11:14:09,2024-07-19 11:26:54,3.9434679329088556e-05,0.030167529686752747
329,2024-07-19 11:30:49,2024-07-19 11:43:57,3.94121578936266e-05,0.031056780420177763
330,2024-07-19 11:46:07,2024-07-19 11:51:30,3.887346220608305e-05,0.012556128292564826
331,2024-07-19 11:53:36,2024-07-19 12:27:46,3.920337823032261e-05,0.08036692537216135
332,2024-07-19 12:33:46,2024-07-19 12:36:32,3.911484631044256e-05,0.006493064487533466
333,2024-07-19 12:36:46,2024-07-19 12:47:03,3.832966271505363e-05,0.02364940189518809
334,2024-07-19 12:49:16,2024-07-19 12:56:49,3.8025667531162286e-05,0.017225627391616517
335,2024-07-19 12:58:43,2024-07-19 13:11:47,3.812796402584567e-05,0.029892323796263005
336,2024-07-19 13:13:43,2024-07-19 13:21:35,3.798484064117809e-05,0.017928844782636056
337,2024-07-19 13:25:12,2024-07-19 13:35:28,3.78225146263243e-05,0.02329866900981577
338,2024-07-19 13:47:20,2024-07-19 13:51:12,3.68349266619009e-05,0.008545702985561008
339,2024-07-19 13:51:43,2024-07-19 13:53:58,3.519578536269635e-05,0.004751431023964007
340,2024-07-19 13:55:17,2024-07-19 14:08:34,3.758174500152593e-05,0.029952650766216164
341,2024-07-19 14:12:07,2024-07-19 14:29:18,3.7598139570921946e-05,0.03876368189762053
342,2024-07-19 14:33:03,2024-07-19 14:43:26,3.7302641485942066e-05,0.023239545645741908
343,2024-07-19 14:45:08,2024-07-19 14:55:39,3.712131360883474e-05,0.02342354888717472
344,2024-07-19 15:02:26,2024-07-19 15:06:32,3.658817277322405e-05,0.009000690502213115
345,2024-07-19 15:08:52,2024-07-19 15:18:59,3.694180496829506e-05,0.022423675615755104
346,2024-07-19 15:21:05,2024-07-19 15:21:22,1.7908855327690112e-05,0.0003044505405707319
347,2024-07-19 15:23:27,2024-07-19 15:31:42,3.688508433794658e-05,0.01825811674728356
348,2024-07-19 15:42:56,2024-07-19 15:49:01,3.634222135629445e-05,0.013264910795047475
349,2024-07-19 15:51:04,2024-07-19 15:55:07,3.6065466364072944e-05,0.008763908326469725
350,2024-07-19 15:55:37,2024-07-19 16:08:21,3.675640212277669e-05,0.02808189122180139
351,2024-07-19 16:09:46,2024-07-19 16:11:04,3.335371247472172e-05,0.002601589573028294
352,2024-07-19 16:12:05,2024-07-19 16:25:10,3.669556936113336e-05,0.028806021948489687
353,2024-07-19 16:32:12,2024-07-19 16:32:59,3.691133041908638e-05,0.0017348325296970598
354,2024-07-19 16:33:17,2024-07-19 16:40:00,3.629405616932915e-05,0.014626504636239648
355,2024-07-19 16:41:23,2024-07-19 16:57:31,3.9949780807932165e-05,0.03867138782207834
356,2024-07-19 17:08:10,2024-07-19 17:11:29,3.555422190249076e-05,0.0070752901585956615
357,2024-07-19 17:13:30,2024-07-19 17:16:59,3.568974976211633e-05,0.007459157700282312
358,2024-07-19 17:18:38,2024-07-19 17:20:12,3.385861253279323e-05,0.0031827095780825637
359,2024-07-19 17:21:16,2024-07-19 17:22:25,3.301408983036766e-05,0.0022779721982953685
360,2024-07-19 17:23:54,2024-07-19 17:29:46,3.7148099510549375e-05,0.01307613102771338
361,2024-07-19 17:38:19,2024-07-19 17:49:06,3.6873099744522304e-05,0.023856895534705932
362,2024-07-19 17:52:07,2024-07-19 17:58:05,3.652057891800344e-05,0.013074367252645233
363,2024-07-22 11:07:23,2024-07-22 11:07:39,6.765919782873081e-06,0.00010825471652596929
364,2024-07-22 11:08:19,2024-07-22 11:13:45,3.8893884133749396e-05,0.012679406227602302
365,2024-07-22 11:16:05,2024-07-22 11:20:55,3.868577763911854e-05,0.011218875515344376
366,2024-07-22 11:23:04,2024-07-22 11:34:07,3.935932541993709e-05,0.026095232753418292
367,2024-07-22 11:36:56,2024-07-22 11:44:34,3.8937004529434916e-05,0.017833148074481192
368,2024-07-22 11:50:14,2024-07-22 12:02:02,3.942563809051801e-05,0.02791335176808675
369,2024-07-22 12:07:43,2024-07-22 12:09:09,3.557071592805836e-05,0.0030590815698130188
370,2024-07-22 12:11:25,2024-07-22 12:12:13,3.380509868318681e-05,0.0016226447367929668
371,2024-07-22 12:13:01,2024-07-22 12:14:30,3.663540837327098e-05,0.0032605513452211173
372,2024-07-22 12:19:20,2024-07-22 12:20:52,3.4539481932916835e-05,0.0031776323378283487
373,2024-07-22 12:23:06,2024-07-22 12:26:27,3.840367405881393e-05,0.0077191384858216
374,2024-07-22 12:28:22,2024-07-22 12:38:01,3.905334478727706e-05,0.022611886631833417
375,2024-07-22 12:39:47,2024-07-22 12:42:32,3.7609104233821104e-05,0.006205502198580482
376,2024-07-22 12:43:14,2024-07-22 12:54:13,3.9137892479751325e-05,0.025791871144156122
377,2024-07-22 13:08:09,2024-07-22 13:08:23,3.9135032499994683e-05,0.0005478904549999255
378,2024-07-22 13:08:36,2024-07-22 13:10:42,3.668882459067559e-05,0.0046227918984251245
379,2024-07-22 13:11:44,2024-07-22 13:14:36,3.7441636902399055e-05,0.006439961547212637
380,2024-07-22 13:17:04,2024-07-22 13:19:02,3.7255183915936905e-05,0.004396111702080555
381,2024-07-22 13:19:50,2024-07-22 13:21:54,3.6689445555783546e-05,0.00454949124891716
382,2024-07-22 13:38:28,2024-07-22 13:40:27,3.59343496340444e-05,0.004276187606451283
383,2024-07-22 13:49:41,2024-07-22 14:00:44,3.818248191777545e-05,0.025314985511485123
384,2024-07-22 14:01:32,2024-07-22 14:02:19,3.2840723656326164e-05,0.0015435140118473297
385,2024-07-22 14:03:48,2024-07-22 14:11:57,3.844119763289232e-05,0.018797745642484345
386,2024-07-22 14:13:26,2024-07-22 14:28:08,3.811458346476591e-05,0.03361706261592353
387,2024-07-22 14:32:19,2024-07-22 14:39:32,3.723245752713148e-05,0.016121654109247933
388,2024-07-22 14:40:50,2024-07-22 14:45:52,3.7024880772178556e-05,0.011181513993197924
389,2024-07-22 14:48:29,2024-07-22 14:49:42,3.3152091465619675e-05,0.0024201026769902364
390,2024-07-22 14:51:52,2024-07-22 14:56:27,3.6690539206087314e-05,0.010089898281674012
391,2024-07-22 14:58:47,2024-07-22 15:11:36,3.732842427776759e-05,0.028705558269603276
392,2024-07-22 15:13:33,2024-07-22 15:15:52,3.561064086442165e-05,0.004949879080154609
393,2024-07-22 15:18:05,2024-07-22 15:18:57,3.133461795583387e-05,0.0016294001337033613
394,2024-07-22 15:19:50,2024-07-22 15:32:49,3.718234546220559e-05,0.028965047115058158
395,2024-07-22 15:35:42,2024-07-22 15:36:05,2.698653449075593e-05,0.0006206902932873864
396,2024-07-22 15:36:33,2024-07-22 15:43:45,3.688293863401505e-05,0.015933429489894502
397,2024-07-22 15:45:07,2024-07-22 15:45:21,3.7087175229546204e-05,0.0005192204532136469
398,2024-07-22 15:46:50,2024-07-22 15:55:50,3.641975118210614e-05,0.019666665638337317
399,2024-07-22 15:58:01,2024-07-22 16:03:39,3.657421466811273e-05,0.012362084557822103
400,2024-07-22 16:13:41,2024-07-22 16:18:04,3.647299276865827e-05,0.009592397098157124
401,2024-07-22 16:19:59,2024-07-22 16:22:30,3.7388563275445806e-05,0.005645673054592316
402,2024-07-22 16:32:20,2024-07-22 16:36:03,3.640395858616024e-05,0.008118082764713734
403,2024-07-22 16:42:43,2024-07-22 16:47:50,3.6374518057992935e-05,0.011166977043803832
404,2024-07-22 16:50:29,2024-07-22 17:08:19,3.692155230623517e-05,0.03950606096767163
405,2024-07-22 17:12:45,2024-07-22 17:15:04,3.708166191871835e-05,0.005154351006701851
406,2024-07-22 17:15:10,2024-07-22 17:24:51,3.427487471424926e-05,0.01991370220897882
407,2024-07-22 17:25:16,2024-07-22 17:26:37,1.2104373626472881e-05,0.0009804542637443033
408,2024-07-22 17:26:53,2024-07-22 17:36:38,3.107961810756324e-05,0.018181576592924496
409,2024-07-22 17:37:22,2024-07-22 17:38:09,3.700677956642878e-05,0.0017393186396221529
410,2024-07-22 17:41:08,2024-07-22 17:44:15,3.587955939736755e-05,0.006709477607307732
411,2024-07-22 17:49:37,2024-07-22 18:02:40,4.0087141386448154e-05,0.0313882317055889
412,2024-07-23 10:06:07,2024-07-23 10:35:13,4.084440290988218e-05,0.07131432748065429
413,2024-07-23 10:36:50,2024-07-23 10:59:51,4.084580350052114e-05,0.0564080546342197
414,2024-07-23 11:02:48,2024-07-23 11:04:30,4.094071922685301e-05,0.004175953361139007
415,2024-07-23 11:06:11,2024-07-23 11:11:20,4.011826771062534e-05,0.01239654472258323
416,2024-07-23 11:16:54,2024-07-23 11:25:11,3.833981941238166e-05,0.019054890247953683
417,2024-07-23 11:29:48,2024-07-23 11:35:22,2.084364680569838e-05,0.006961778033103259
418,2024-07-23 11:38:53,2024-07-23 11:40:57,4.0596930474719574e-05,0.005034019378865227
419,2024-07-23 11:44:36,2024-07-23 11:54:36,3.13130958094413e-05,0.01878785748566478
420,2024-07-23 11:55:06,2024-07-23 11:58:33,3.9515414601241946e-05,0.008179690822457083
421,2024-07-23 12:00:02,2024-07-23 12:13:16,4.051721831403713e-05,0.03217067134134548
422,2024-07-23 12:15:23,2024-07-23 12:30:50,4.044470219509726e-05,0.03749223893485516
423,2024-07-23 12:35:44,2024-07-23 12:36:17,4.075235636223511e-05,0.0013448277599537586
424,2024-07-23 12:36:31,2024-07-23 12:39:55,4.0239294488929016e-05,0.00820881607574152
425,2024-07-23 12:40:10,2024-07-23 12:46:35,3.9745590428908286e-05,0.01530205231512969
426,2024-07-23 12:49:07,2024-07-23 13:07:15,4.004933476423779e-05,0.04357367622349072
427,2024-07-23 13:09:07,2024-07-23 13:25:51,4.002321068310893e-05,0.04018330352584137
428,2024-07-23 13:28:13,2024-07-23 13:41:32,4.020594081146322e-05,0.03212454670835911
429,2024-07-23 13:43:20,2024-07-23 13:54:26,4.079379352395792e-05,0.027168666486955977
430,2024-07-23 13:58:40,2024-07-23 14:11:54,4.056121446526705e-05,0.03220560428542204
431,2024-07-23 14:16:53,2024-07-23 14:58:10,4.027562007881045e-05,0.0997627109352135
432,2024-07-23 15:01:38,2024-07-23 15:02:33,2.0755547679688666e-05,0.0011415551223828767
433,2024-07-23 16:33:50,2024-07-23 16:38:42,4.189085527494512e-05,0.012232129740283974
434,2024-07-23 16:39:25,2024-07-23 16:45:50,4.120977849786705e-05,0.015865764721678815
435,2024-07-23 16:47:54,2024-07-23 17:04:36,4.1159309715494e-05,0.041241628334924986
436,2024-07-23 17:06:43,2024-07-23 17:07:48,3.683693909737646e-05,0.00239440104132947
437,2024-07-23 17:08:09,2024-07-23 17:16:10,4.111571992011704e-05,0.019776661281576294
438,2024-07-23 17:17:59,2024-07-23 17:27:40,4.13881067770082e-05,0.024046490037441765
439,2024-07-23 17:29:08,2024-07-23 17:46:09,4.0959812011806325e-05,0.041819968064054254
440,2024-07-23 17:48:49,2024-07-23 18:05:18,4.073337834210738e-05,0.0402853111803442
524,2024-08-12 10:14:12,2024-08-12 10:15:15,3.765664958831085e-05,0.0023723689240635836
525,2024-08-12 10:15:25,2024-08-12 10:17:07,3.739332914796788e-05,0.003814119573092724
526,2024-08-12 10:17:20,2024-08-12 10:21:29,3.7327671734763344e-05,0.009294590261956073
527,2024-08-12 10:21:39,2024-08-12 10:23:15,3.415595724623852e-05,0.003278971895638898
528,2024-08-12 10:26:07,2024-08-12 10:37:13,3.736432050431666e-05,0.024884637455874895
529,2024-08-12 10:40:45,2024-08-12 10:41:54,3.3194207728039035e-05,0.0022904003332346935
530,2024-08-12 10:44:47,2024-08-12 10:49:37,3.6719982989297116e-05,0.010648795066896163
531,2024-08-12 10:51:25,2024-08-12 11:04:01,3.746105093406961e-05,0.028320554506156625
532,2024-08-12 11:06:28,2024-08-12 11:14:49,3.723340532801851e-05,0.018653936069337275
533,2024-08-12 11:18:04,2024-08-12 11:26:26,3.702692927419863e-05,0.01858751849564771
534,2024-08-12 11:37:48,2024-08-12 11:38:28,3.739604303782192e-05,0.001495841721512877
535,2024-08-12 11:38:36,2024-08-12 11:42:45,3.750883094624257e-05,0.0093396989056144
536,2024-08-12 11:45:26,2024-08-12 11:49:27,3.741036772775377e-05,0.009015898622388658
537,2024-08-12 11:49:32,2024-08-12 11:57:52,3.6803151224281795e-05,0.018401575612140897
538,2024-08-12 11:59:30,2024-08-12 12:00:21,3.1506672195755593e-05,0.0016068402819835353
539,2024-08-12 12:01:11,2024-08-12 12:08:49,3.631647191967948e-05,0.0166329441392132
540,2024-08-12 12:11:20,2024-08-12 12:19:00,3.646577620452558e-05,0.016774257054081768
542,2024-08-12 12:21:46,2024-08-12 12:31:09,3.663516887225261e-05,0.02062560007507822
543,2024-08-12 12:41:57,2024-08-12 12:44:26,2.7715544930842666e-05,0.0041296161946955574
544,2024-08-12 12:45:21,2024-08-12 12:46:11,3.70023947154601e-05,0.0018501197357730051
545,2024-08-12 12:46:17,2024-08-12 12:48:18,3.707849027530782e-05,0.004486497323312246
546,2024-08-12 12:48:27,2024-08-12 12:53:57,3.5933624489653426e-05,0.011858096081585631
547,2024-08-12 12:57:34,2024-08-12 13:03:59,3.6268378957236704e-05,0.013963325898536131
548,2024-08-12 13:06:18,2024-08-12 13:10:21,3.584932538799035e-05,0.008711386069281655
549,2024-08-12 13:11:31,2024-08-12 13:13:36,3.369029546792805e-05,0.004211286933491006
550,2024-08-12 13:16:36,2024-08-12 13:23:23,3.632452498852736e-05,0.014784081670330636
551,2024-08-12 13:25:41,2024-08-12 13:40:53,3.7313216091723725e-05,0.03402965307565204
552,2024-08-12 13:43:38,2024-08-12 13:45:30,3.783312096392391e-05,0.004237309547959478
553,2024-08-12 13:45:38,2024-08-12 13:52:05,3.710779484885725e-05,0.014360716606507755
554,2024-08-12 13:55:04,2024-08-12 13:58:41,3.587878243954034e-05,0.007785695789380254
555,2024-08-12 13:59:40,2024-08-12 14:01:33,3.519721319198518e-05,0.003977285090694325
556,2024-08-12 14:03:41,2024-08-12 14:14:06,3.727607207348879e-05,0.023297545045930495
557,2024-08-12 14:37:00,2024-08-12 14:55:27,1.2090812036237124e-05,0.013384528924114496
558,2024-08-12 14:55:37,2024-08-12 14:57:36,3.901025174693168e-05,0.00464221995788487
559,2024-08-12 15:11:50,2024-08-12 15:13:11,3.857364398874643e-05,0.0031244651630884606
560,2024-08-12 15:13:20,2024-08-12 15:15:53,3.8488847362354676e-05,0.005888793646440266
561,2024-08-12 15:20:03,2024-08-12 15:21:27,3.844890537180716e-05,0.0032297080512318018
562,2024-08-12 15:26:45,2024-08-12 15:28:14,3.8453834429024594e-05,0.0034223912641831887
563,2024-08-12 15:31:58,2024-08-12 15:33:19,3.8254638131549165e-05,0.0030986256886554823
564,2024-08-12 15:37:01,2024-08-12 15:41:34,3.8362441661534e-05,0.010472946573598782
565,2024-08-12 15:41:40,2024-08-12 15:41:54,3.8027315253090485e-05,0.0005323824135432668
566,2024-08-12 15:42:03,2024-08-12 15:42:31,9.883346534954339e-06,0.0002767337029787215
567,2024-08-12 15:43:33,2024-08-12 15:45:03,3.825647071923769e-05,0.0034430823647313923
568,2024-08-12 16:07:47,2024-08-12 16:08:15,1.6443260040209744e-05,0.00046041128112587283
569,2024-08-12 16:10:22,2024-08-12 16:13:39,3.787509739693146e-05,0.0074613941871954975
570,2024-08-12 16:13:56,2024-08-12 16:16:46,3.599395952501276e-05,0.0061189731192521695
571,2024-08-12 16:17:56,2024-08-12 16:23:39,3.6688955124071114e-05,0.012584311607556391
572,2024-08-12 16:26:44,2024-08-12 16:32:20,3.668216497069261e-05,0.012325207430152717
573,2024-08-12 16:33:30,2024-08-12 16:40:59,3.677588774480811e-05,0.01651237359741884
574,2024-08-12 16:43:33,2024-08-12 17:02:05,3.715632599456798e-05,0.04131783450595959
575,2024-08-12 17:05:18,2024-08-12 17:11:06,3.744188638886767e-05,0.013029776463325949
576,2024-08-12 17:26:21,2024-08-12 17:34:41,3.6428341297900726e-05,0.018214170648950364
577,2024-08-12 17:37:23,2024-08-12 17:43:38,3.6147158715121684e-05,0.013555184518170631
578,2024-08-12 17:45:21,2024-08-12 17:56:53,3.636096235028606e-05,0.025161785946397952
579,2024-08-12 17:57:52,2024-08-12 18:07:41,3.605172014974362e-05,0.02123446316819899
582,2024-08-13 10:24:42,2024-08-13 10:28:34,3.6037296281606156e-05,0.008360652737332629
583,2024-08-13 10:33:05,2024-08-13 10:40:25,3.666350424944904e-05,0.016131941869757575
584,2024-08-13 10:42:06,2024-08-13 10:47:05,3.651760035957007e-05,0.010918762507511452
585,2024-08-13 10:49:42,2024-08-13 10:49:59,-1.0507576147790121e-06,-1.7862879451243207e-05
586,2024-08-13 10:55:02,2024-08-13 11:01:10,3.660370256034466e-05,0.013470162542206836
587,2024-08-13 11:07:50,2024-08-13 11:11:05,3.7811490131686005e-05,0.007373240575678771
588,2024-08-13 11:14:24,2024-08-13 11:23:38,3.8948888881924365e-05,0.0215776844405861
589,2024-08-13 11:25:58,2024-08-13 11:27:19,3.725721648158501e-05,0.0030178345350083857
590,2024-08-13 11:30:36,2024-08-13 11:35:24,3.600729462003418e-05,0.010370100850569844
591,2024-08-13 11:40:20,2024-08-13 11:40:34,1.2856750134184637e-05,0.0001799945018785849
592,2024-08-13 11:42:20,2024-08-13 11:47:56,3.644341899694949e-05,0.012244988782975029
593,2024-08-13 11:49:26,2024-08-13 11:52:36,3.600551101356431e-05,0.006841047092577219
594,2024-08-13 11:54:27,2024-08-13 12:07:14,3.7678612380479646e-05,0.02889949569582789
595,2024-08-13 12:09:15,2024-08-13 12:18:08,3.804832630160041e-05,0.020279757918753017
596,2024-08-13 12:20:19,2024-08-13 12:26:52,3.7806625915957956e-05,0.014858003984971477
597,2024-08-13 12:28:08,2024-08-13 12:28:21,-9.551102117713623e-07,-1.2416432753027709e-05
598,2024-08-13 12:30:00,2024-08-13 12:47:43,3.7909541579354163e-05,0.040297842698853475
599,2024-08-13 12:54:42,2024-08-13 13:00:12,3.693137919226373e-05,0.012187355133447032
600,2024-08-13 13:02:36,2024-08-13 13:05:20,3.793973969728458e-05,0.006222117310354672
601,2024-08-13 13:05:27,2024-08-13 13:08:17,3.611262734799218e-05,0.006139146649158671
602,2024-08-13 13:10:22,2024-08-13 13:13:39,3.444315500207233e-05,0.006785301535408249
603,2024-08-13 13:15:48,2024-08-13 13:29:57,3.764759019611849e-05,0.0319628040765046
604,2024-08-13 13:31:44,2024-08-13 13:48:24,3.726867738847621e-05,0.03726867738847621
605,2024-08-13 13:56:38,2024-08-13 14:02:27,3.652262332212491e-05,0.012746395539421595
606,2024-08-13 14:03:55,2024-08-13 14:12:45,3.6977435161277165e-05,0.019598040635476897
607,2024-08-13 14:14:08,2024-08-13 14:33:34,3.677242600157676e-05,0.0428766487178385
608,2024-08-13 14:41:34,2024-08-13 14:47:22,3.713426210874248e-05,0.012922723213842384
609,2024-08-13 14:52:18,2024-08-13 14:57:32,1.6995964181165375e-05,0.0053367327528859275
610,2024-08-13 14:57:40,2024-08-13 15:04:53,3.6375350366661475e-05,0.01575052670876442
611,2024-08-13 15:07:11,2024-08-13 15:19:42,3.6073607749938765e-05,0.027091279420204013
612,2024-08-13 15:21:08,2024-08-13 15:34:00,3.616165739844266e-05,0.027916799511597732
613,2024-08-13 15:44:57,2024-08-13 15:48:54,3.100818583328716e-05,0.0073489400424890565
614,2024-08-13 15:50:22,2024-08-13 15:57:45,3.63532170565053e-05,0.016104475156031847
615,2024-08-13 15:57:56,2024-08-13 16:02:48,3.5517462980511865e-05,0.010371099190309464
616,2024-08-13 16:04:32,2024-08-13 16:15:15,3.571658719875005e-05,0.02296576556879628
617,2024-08-13 16:16:37,2024-08-13 16:34:46,3.596500733885057e-05,0.03916589299200827
618,2024-08-13 16:46:07,2024-08-13 16:47:31,3.166653498417287e-05,0.0026599889386705214
619,2024-08-13 16:59:04,2024-08-13 17:04:55,3.5862092469881e-05,0.01258759445692823
620,2024-08-13 17:05:05,2024-08-13 17:21:03,3.5691991473875745e-05,0.03419292783197296
621,2024-08-13 17:24:05,2024-08-13 17:35:11,3.5526543270729305e-05,0.023660677818305716
622,2024-08-13 17:36:42,2024-08-13 17:45:19,3.5035721592224415e-05,0.01811346806318002
623,2024-08-13 17:46:40,2024-08-13 17:53:47,3.512331202310903e-05,0.014997654233867556
624,2024-08-13 17:54:55,2024-08-13 17:55:10,1.350410336372189e-05,0.00020256155045582835
625,2024-08-13 17:55:40,2024-08-13 18:04:44,3.487194764710218e-05,0.018970339520023586
626,2024-08-14 10:18:37,2024-08-14 10:25:31,2.0104326846496184e-05,0.00832319131444942
627,2024-08-14 10:25:46,2024-08-14 10:38:05,3.677520852583243e-05,0.027176879100590166
628,2024-08-14 10:40:58,2024-08-14 10:48:40,3.6592238451409556e-05,0.016905614164551216
629,2024-08-14 10:52:13,2024-08-14 11:00:28,3.690459868084324e-05,0.018267776347017404
630,2024-08-14 11:05:04,2024-08-14 11:24:08,3.7806989972171856e-05,0.0432511965281646
631,2024-08-14 11:30:24,2024-08-14 11:30:41,3.903845011046126e-05,0.0006636536518778415
632,2024-08-14 11:30:59,2024-08-14 11:40:55,3.844033030148999e-05,0.022910436859688032
633,2024-08-14 11:44:31,2024-08-14 11:46:49,3.897716595421513e-05,0.005378848901681688
635,2024-08-14 11:50:22,2024-08-14 11:50:45,2.561499503246753e-05,0.0005891448857467532
636,2024-08-14 11:52:44,2024-08-14 11:59:12,3.7910971770021665e-05,0.014709457046768406
637,2024-08-14 12:02:43,2024-08-14 12:03:28,3.2296205016543934e-05,0.001453329225744477
638,2024-08-14 12:04:44,2024-08-14 12:24:26,3.7934652144257324e-05,0.04483875883451216
639,2024-08-14 12:35:49,2024-08-14 12:43:52,3.770637258436109e-05,0.018212177958246405
640,2024-08-14 12:46:12,2024-08-14 12:49:08,3.60205398089229e-05,0.00633961500637043
641,2024-08-14 12:49:41,2024-08-14 12:58:35,3.746408817048349e-05,0.020005823083038183
642,2024-08-14 13:00:47,2024-08-14 13:15:03,3.7094896018239884e-05,0.03175323099161334
643,2024-08-14 13:29:16,2024-08-14 13:33:22,3.5622704132730284e-05,0.00876318521665165
644,2024-08-14 13:36:17,2024-08-14 13:48:13,3.6806196018101476e-05,0.026353236348960658
645,2024-08-14 13:49:30,2024-08-14 13:58:09,3.6510180809160403e-05,0.01894878383995425
646,2024-08-14 13:58:57,2024-08-14 14:06:33,3.627596345764578e-05,0.016541839336686473
647,2024-08-14 14:08:16,2024-08-14 14:20:41,3.6685746413346575e-05,0.0273308810779432
648,2024-08-14 14:23:01,2024-08-14 14:30:18,3.608641751502912e-05,0.015769764454067726
649,2024-08-14 14:40:17,2024-08-14 14:42:39,3.384045460387467e-05,0.004805344553750202
650,2024-08-14 14:44:42,2024-08-14 14:45:19,2.890568254659284e-05,0.001069510254223935
651,2024-08-14 14:46:45,2024-08-14 14:49:16,3.4661205623404424e-05,0.005233842049134068
652,2024-08-14 14:51:22,2024-08-14 14:56:50,3.584142390151812e-05,0.011755987039697944
653,2024-08-14 14:59:15,2024-08-14 15:06:06,3.59016045871582e-05,0.014755559485322018
654,2024-08-14 15:08:43,2024-08-14 15:08:59,1.884960757968566e-05,0.00030159372127497053
655,2024-08-14 15:09:55,2024-08-14 15:14:22,3.566223756154506e-05,0.00952181742893253
656,2024-08-14 15:27:24,2024-08-14 15:35:17,3.5905750980218044e-05,0.016983420213643134
657,2024-08-14 15:37:12,2024-08-14 15:44:03,3.6183343070355425e-05,0.01487135400191608
658,2024-08-14 15:48:01,2024-08-14 15:48:50,-9.139535926581243e-07,-4.478372604024809e-05
659,2024-08-14 15:50:57,2024-08-14 15:51:22,3.647495371505297e-05,0.0009118738428763243
660,2024-08-14 15:52:39,2024-08-14 16:02:04,3.50383826394961e-05,0.019796686191315298
661,2024-08-14 16:21:04,2024-08-14 16:24:09,3.4331381075117974e-05,0.0063513054988968256
662,2024-08-14 16:39:34,2024-08-14 16:40:39,3.583032732706692e-05,0.00232897127625935
663,2024-08-14 16:59:01,2024-08-14 16:59:18,3.580610024972018e-05,0.0006087037042452431
664,2024-08-14 16:59:55,2024-08-14 17:04:09,3.589083070466278e-05,0.009116270998984348
665,2024-08-14 17:04:20,2024-08-14 17:05:22,3.585035920540623e-05,0.002222722270735186
666,2024-08-14 17:10:43,2024-08-14 17:17:22,3.568376351131362e-05,0.014237821641014134
667,2024-08-14 17:17:55,2024-08-14 17:19:38,3.230312318138264e-05,0.003327221687682412
668,2024-08-14 17:21:12,2024-08-14 17:27:32,3.562817271804681e-05,0.013538705632857789
669,2024-08-14 17:28:56,2024-08-14 17:33:42,3.298638897443819e-05,0.009434107246689322
670,2024-08-14 17:36:14,2024-08-14 17:38:06,3.591900587705104e-05,0.004022928658229717
671,2024-08-14 17:50:21,2024-08-14 17:56:40,3.5595422537193074e-05,0.013490665141596175
672,2024-08-14 17:57:47,2024-08-14 18:01:43,3.571361440814354e-05,0.008428413000321875
673,2024-08-14 18:01:59,2024-08-14 18:02:21,3.5568496262605705e-05,0.0007825069177773255
674,2024-08-14 18:06:26,2024-08-14 18:07:28,3.5839969749303645e-05,0.002222078124456826
675,2024-08-14 18:08:22,2024-08-14 18:08:56,3.549881874189173e-05,0.0012069598372243188
700,2024-08-22 10:41:10,2024-08-22 10:49:36,3.574729336742882e-05,0.018088130443918982
701,2024-08-22 11:20:15,2024-08-22 11:23:48,3.7449134351642055e-05,0.007976665616899758
702,2024-08-22 11:29:13,2024-08-22 11:29:48,1.8519004301201214e-05,0.0006481651505420425
703,2024-08-22 11:31:07,2024-08-22 11:32:27,3.748996987145101e-05,0.0029991975897160805
704,2024-08-22 11:32:48,2024-08-22 11:49:25,3.7057527326175674e-05,0.03694635474419715
705,2024-08-22 11:51:45,2024-08-22 11:53:15,3.715392656580684e-05,0.003343853390922616
706,2024-08-22 12:06:27,2024-08-22 12:16:57,3.695201673828668e-05,0.02327977054512061
707,2024-08-22 12:19:22,2024-08-22 12:21:17,3.5077150062477564e-05,0.00403387225718492
708,2024-08-22 12:22:10,2024-08-22 12:27:34,3.6635940696962286e-05,0.01187004478581578
709,2024-08-22 12:29:42,2024-08-22 12:30:15,3.727923293383589e-05,0.0012302146868165844
710,2024-08-22 12:35:35,2024-08-22 12:35:50,3.5190235246295592e-06,5.2785352869443386e-05
711,2024-08-22 12:37:26,2024-08-22 12:44:58,3.7376367234670634e-05,0.016894117990071126
712,2024-08-22 12:48:17,2024-08-22 12:54:41,3.7371674957253295e-05,0.014350723183585264
713,2024-08-22 12:54:47,2024-08-22 13:01:50,3.677169687368111e-05,0.01555442777756711
714,2024-08-22 13:08:46,2024-08-22 13:13:10,3.626400659303147e-05,0.009573697740560308
715,2024-08-22 13:15:08,2024-08-22 13:18:09,3.603695562242834e-05,0.00652268896765953
716,2024-08-22 13:19:19,2024-08-22 13:25:14,3.64049754989355e-05,0.012923766302122103
717,2024-08-22 13:26:57,2024-08-22 13:32:37,3.6455140622792696e-05,0.012394747811749516
718,2024-08-22 13:33:30,2024-08-22 13:36:48,3.556024919735945e-05,0.0070409293410771704
719,2024-08-22 13:39:17,2024-08-22 13:43:54,3.598839862688648e-05,0.009968786419647555
720,2024-08-22 13:47:33,2024-08-22 13:56:26,3.6549745272793666e-05,0.019481014230399024
721,2024-08-22 13:58:06,2024-08-22 14:01:40,3.521841710035438e-05,0.007536741259475837
722,2024-08-22 14:06:53,2024-08-22 14:13:32,3.6175279905482396e-05,0.014433936682287476
723,2024-08-22 14:15:16,2024-08-22 14:16:24,3.29847515436804e-05,0.002242963104970267
724,2024-08-22 14:17:13,2024-08-22 14:25:49,3.6040193856298324e-05,0.018596740029849936
725,2024-08-22 14:27:19,2024-08-22 14:41:32,3.6362542239802005e-05,0.03101724853055111
726,2024-08-22 14:45:23,2024-08-22 14:48:12,3.4891330464800756e-05,0.005896634848551328
727,2024-08-22 14:49:54,2024-08-22 14:58:45,3.5927094106255554e-05,0.0190772869704217
728,2024-08-22 15:04:11,2024-08-22 15:10:38,3.537646463200735e-05,0.013690691812586845
729,2024-08-22 15:13:27,2024-08-22 15:17:43,3.479297215083382e-05,0.008907000870613458
730,2024-08-22 15:18:51,2024-08-22 15:23:39,3.473522680314427e-05,0.01000374531930555
731,2024-08-22 15:29:06,2024-08-22 15:40:16,3.5562618541120574e-05,0.023826954422550783
732,2024-08-22 15:46:11,2024-08-22 15:54:54,3.491841592431656e-05,0.018262331528417563
733,2024-08-22 15:57:01,2024-08-22 16:15:57,3.557247322957043e-05,0.04041032958879201
734,2024-08-22 16:18:45,2024-08-22 16:23:04,3.4877083864388604e-05,0.009033164720876648
735,2024-08-22 16:29:16,2024-08-22 16:31:26,3.339377632016818e-05,0.004341190921621864
736,2024-08-22 16:32:02,2024-08-22 16:37:38,3.442873610044819e-05,0.011568055329750592
737,2024-08-22 16:39:03,2024-08-22 16:52:17,3.500599196419868e-05,0.02779475761957375
738,2024-08-22 16:58:41,2024-08-22 17:06:16,3.431927588022123e-05,0.01561527052550066
739,2024-08-22 17:32:58,2024-08-22 17:49:50,3.441267305088918e-05,0.03482562512749985
740,2024-08-22 17:51:46,2024-08-22 18:02:09,3.4205287681135514e-05,0.021309894225347424
741,2024-08-23 10:20:14,2024-08-23 10:22:33,3.4445413979002215e-05,0.004787912543081307
742,2024-08-23 10:24:38,2024-08-23 10:25:52,3.196781654884198e-05,0.0023656184246143063
743,2024-08-23 10:27:42,2024-08-23 10:34:58,3.642679326932707e-05,0.0158820818654266
744,2024-08-23 10:48:08,2024-08-23 10:53:29,3.6024479738913545e-05,0.011563857996191248
745,2024-08-23 11:02:55,2024-08-23 11:08:50,3.566095324105617e-05,0.01265963840057494
746,2024-08-23 11:14:14,2024-08-23 11:27:43,3.6150950951525307e-05,0.029246119319783975
747,2024-08-23 11:30:55,2024-08-23 11:31:05,3.7603501045424374e-05,0.00037603501045424374
748,2024-08-23 11:31:16,2024-08-23 11:39:53,3.6658802989316574e-05,0.01895260114547667
749,2024-08-23 11:48:06,2024-08-23 11:48:21,8.167008028475225e-06,0.0001225051204271284
750,2024-08-23 11:53:47,2024-08-23 12:00:07,3.58725615164666e-05,0.01363157337625731
751,2024-08-23 12:02:23,2024-08-23 12:07:58,3.5760105481148464e-05,0.011979635336184735
752,2024-08-23 12:09:41,2024-08-23 12:20:54,3.6673974121139376e-05,0.0246815845835268
753,2024-08-23 12:28:02,2024-08-23 12:28:26,2.641520114387654e-05,0.000633964827453037
754,2024-08-23 12:29:00,2024-08-23 12:30:40,3.46905476982723e-05,0.0034690547698272302
755,2024-08-23 12:34:40,2024-08-23 12:46:34,3.673441726940027e-05,0.026228373930351795
756,2024-08-23 12:50:30,2024-08-23 12:55:21,3.632910579209346e-05,0.010571769785499197
757,2024-08-23 12:56:08,2024-08-23 12:57:27,3.4695036154270826e-05,0.002740907856187395
758,2024-08-23 12:59:10,2024-08-23 13:02:14,3.5678671048790956e-05,0.006564875472977536
759,2024-08-23 13:02:56,2024-08-23 13:05:48,3.554603480460409e-05,0.006113917986391904
760,2024-08-23 13:08:31,2024-08-23 13:08:47,-8.504468583246959e-07,-1.3607149733195134e-05
761,2024-08-23 13:09:09,2024-08-23 13:09:52,3.106791752158737e-05,0.001335920453428257
762,2024-08-23 13:10:26,2024-08-23 13:11:31,3.357345889861334e-05,0.0021822748284098673
763,2024-08-23 13:16:02,2024-08-23 13:20:33,3.6211364331466955e-05,0.009813279733827545
764,2024-08-23 13:24:07,2024-08-23 13:29:28,3.6100671779235324e-05,0.01158831564113454
765,2024-08-23 13:31:48,2024-08-23 13:33:10,3.6819045464810486e-05,0.00301916172811446
766,2024-08-23 13:46:12,2024-08-23 13:46:34,2.2255406096045635e-05,0.000489618934113004
767,2024-08-23 13:49:50,2024-08-23 13:52:09,3.477915171646808e-05,0.004834302088589063
768,2024-08-23 13:53:41,2024-08-23 13:54:25,3.0677705426831686e-05,0.0013498190387805941
769,2024-08-23 13:57:22,2024-08-23 14:03:37,3.580463094507012e-05,0.013426736604401295
770,2024-08-23 14:06:46,2024-08-23 14:10:23,3.521928423342624e-05,0.0076425846786534945
771,2024-08-23 14:12:13,2024-08-23 14:36:04,3.594068855990994e-05,0.05143112532923112
772,2024-08-23 14:48:09,2024-08-23 14:48:36,1.766104199245912e-05,0.00047684813379639626
773,2024-08-23 14:50:52,2024-08-23 14:56:12,3.472506126234193e-05,0.011112019603949417
774,2024-08-23 15:13:07,2024-08-23 15:19:19,3.463601864340666e-05,0.012884598935347278
775,2024-08-23 15:32:46,2024-08-23 15:39:42,3.473290607878009e-05,0.014448888928772519
776,2024-08-23 15:41:53,2024-08-23 16:01:49,3.5186324988908795e-05,0.04208284468673492
777,2024-08-23 16:03:36,2024-08-23 16:05:01,3.513312543887049e-05,0.002986315662303992
778,2024-08-23 16:06:59,2024-08-23 16:09:45,3.372851225692714e-05,0.005598933034649906
779,2024-08-23 16:12:22,2024-08-23 16:26:24,3.5474595829712954e-05,0.029869609688618307
780,2024-08-23 16:31:00,2024-08-23 16:42:57,3.4715669840017616e-05,0.02489113527529263
781,2024-08-23 16:46:34,2024-08-23 16:50:58,3.3992444660466036e-05,0.008974005390363034
782,2024-08-23 16:59:03,2024-08-23 17:07:22,3.420752455019505e-05,0.01706955475054733
783,2024-08-23 17:09:21,2024-08-23 17:10:49,3.237477928063937e-05,0.0028489805766962646
784,2024-08-23 17:13:06,2024-08-23 17:14:06,2.9829891742951805e-05,0.0017897935045771082
785,2024-08-23 17:15:27,2024-08-23 17:26:54,3.441005345869792e-05,0.023639706726125472
786,2024-08-23 17:31:58,2024-08-23 17:39:40,3.453909906910163e-05,0.015957063769924954
787,2024-08-23 17:41:10,2024-08-23 17:46:04,3.378142051267788e-05,0.009931737630727298
788,2024-08-23 17:47:40,2024-08-23 17:49:19,3.0741557061248295e-05,0.0030434141490635813
789,2024-08-23 17:53:07,2024-08-23 17:59:50,3.4186480366108125e-05,0.013777151587541574
