run_number,start_time,stop_time,elapsed_sec
00001,Tue Jul  9 09:57:49 2024,Tue Jul  9 10:07:52 2024,603
00002,Tue Jul  9 10:07:59 2024,Tue Jul  9 10:14:25 2024,386
00003,Tue Jul  9 10:16:21 2024,Tue Jul  9 10:28:40 2024,739
00004,Tue Jul  9 10:30:53 2024,Tue Jul  9 10:55:40 2024,1487
00006,Tue Jul  9 10:58:36 2024,Tue Jul  9 11:02:03 2024,207
00007,Tue Jul  9 11:03:39 2024,Tue Jul  9 11:05:53 2024,134
00008,Tue Jul  9 11:07:43 2024,Tue Jul  9 11:16:38 2024,535
00009,Tue Jul  9 11:20:32 2024,Tue Jul  9 11:28:05 2024,453
00010,Tue Jul  9 11:30:02 2024,Tue Jul  9 11:30:18 2024,16
00011,Tue Jul  9 11:32:04 2024,Tue Jul  9 11:36:37 2024,273
00012,Tue Jul  9 11:37:06 2024,Tue Jul  9 11:37:22 2024,16
00013,Tue Jul  9 11:38:26 2024,Tue Jul  9 11:39:06 2024,40
00014,Tue Jul  9 11:40:21 2024,Tue Jul  9 11:45:49 2024,328
00015,Tue Jul  9 11:47:40 2024,Tue Jul  9 11:53:08 2024,328
00016,Tue Jul  9 11:55:23 2024,Tue Jul  9 11:56:08 2024,45
00017,Tue Jul  9 11:56:32 2024,Tue Jul  9 11:59:48 2024,196
00018,Tue Jul  9 12:02:17 2024,Tue Jul  9 12:07:55 2024,338
00019,Tue Jul  9 12:08:24 2024,Tue Jul  9 12:09:48 2024,84
00020,Tue Jul  9 12:11:58 2024,Tue Jul  9 12:13:19 2024,81
00021,Tue Jul  9 12:13:43 2024,Tue Jul  9 12:18:13 2024,270
00022,Tue Jul  9 12:19:26 2024,Tue Jul  9 12:21:46 2024,140
00023,Tue Jul  9 12:23:54 2024,Tue Jul  9 12:27:14 2024,200
00024,Tue Jul  9 12:30:43 2024,Tue Jul  9 12:32:03 2024,80
00025,Tue Jul  9 12:32:53 2024,Tue Jul  9 12:33:57 2024,64
00026,Tue Jul  9 12:34:41 2024,Tue Jul  9 12:35:23 2024,42
00027,Tue Jul  9 12:37:15 2024,Tue Jul  9 12:44:17 2024,422
00028,Tue Jul  9 12:45:33 2024,Tue Jul  9 12:47:31 2024,118
00029,Tue Jul  9 12:49:16 2024,Tue Jul  9 12:53:42 2024,266
00030,Tue Jul  9 12:54:20 2024,Tue Jul  9 12:55:20 2024,60
00031,Tue Jul  9 13:04:56 2024,Tue Jul  9 13:05:31 2024,35
00032,Tue Jul  9 13:07:31 2024,Tue Jul  9 13:08:58 2024,87
00033,Tue Jul  9 13:11:17 2024,Tue Jul  9 13:18:03 2024,406
00034,Tue Jul  9 13:18:58 2024,Tue Jul  9 13:21:22 2024,144
00035,Tue Jul  9 13:23:08 2024,Tue Jul  9 13:31:26 2024,498
00036,Tue Jul  9 13:31:37 2024,Tue Jul  9 13:33:26 2024,109
00037,Tue Jul  9 13:36:03 2024,Tue Jul  9 13:41:54 2024,351
00038,Tue Jul  9 13:42:39 2024,Tue Jul  9 13:46:23 2024,224
00039,Tue Jul  9 13:48:13 2024,Tue Jul  9 13:49:17 2024,64
00040,Tue Jul  9 13:49:37 2024,Tue Jul  9 13:52:05 2024,148
00041,Tue Jul  9 13:52:56 2024,Tue Jul  9 13:54:37 2024,101
00042,Tue Jul  9 13:55:12 2024,Tue Jul  9 13:57:15 2024,123
00043,Tue Jul  9 13:57:51 2024,Tue Jul  9 13:59:03 2024,72
00044,Tue Jul  9 13:59:41 2024,Tue Jul  9 14:00:51 2024,70
00045,Tue Jul  9 14:01:27 2024,Tue Jul  9 14:02:20 2024,53
00046,Tue Jul  9 14:04:40 2024,Tue Jul  9 14:20:42 2024,962
00047,Tue Jul  9 14:23:46 2024,Tue Jul  9 14:25:08 2024,82
00048,Tue Jul  9 14:25:59 2024,Tue Jul  9 14:29:51 2024,232
00049,Tue Jul  9 14:32:07 2024,Tue Jul  9 14:39:06 2024,419
00050,Tue Jul  9 14:49:04 2024,Tue Jul  9 14:54:05 2024,301
00051,Tue Jul  9 14:54:36 2024,Tue Jul  9 15:00:24 2024,348
00052,Tue Jul  9 15:03:59 2024,Tue Jul  9 15:04:36 2024,37
00053,Tue Jul  9 15:06:56 2024,Tue Jul  9 15:15:09 2024,493
00054,Tue Jul  9 15:16:44 2024,Tue Jul  9 15:17:44 2024,60
00055,Tue Jul  9 15:20:52 2024,Tue Jul  9 15:25:49 2024,297
00056,Tue Jul  9 15:27:04 2024,Tue Jul  9 15:28:28 2024,84
00057,Tue Jul  9 15:31:26 2024,Tue Jul  9 15:43:41 2024,735
00058,Tue Jul  9 15:47:24 2024,Tue Jul  9 15:53:23 2024,359
00059,Tue Jul  9 15:55:36 2024,Tue Jul  9 15:56:33 2024,57
00060,Tue Jul  9 15:57:46 2024,Tue Jul  9 15:59:44 2024,118
00061,Tue Jul  9 16:02:44 2024,Tue Jul  9 16:08:39 2024,355
00062,Tue Jul  9 16:08:47 2024,Tue Jul  9 16:13:26 2024,279
00063,Tue Jul  9 16:14:42 2024,Tue Jul  9 16:17:35 2024,173
00064,Tue Jul  9 16:19:20 2024,Tue Jul  9 16:21:08 2024,108
00065,Tue Jul  9 16:21:45 2024,Tue Jul  9 16:27:34 2024,349
00066,Tue Jul  9 16:27:40 2024,Tue Jul  9 16:27:52 2024,12
00067,Tue Jul  9 16:30:03 2024,Tue Jul  9 16:35:08 2024,305
00068,Tue Jul  9 16:38:22 2024,Tue Jul  9 16:47:11 2024,529
00069,Tue Jul  9 16:59:30 2024,Tue Jul  9 17:19:16 2024,1186
00070,Tue Jul  9 17:30:51 2024,Tue Jul  9 17:36:58 2024,367
00071,Tue Jul  9 17:39:19 2024,Tue Jul  9 17:41:34 2024,135
00072,Tue Jul  9 17:42:23 2024,Tue Jul  9 17:54:08 2024,705
00073,Tue Jul  9 17:56:06 2024,Tue Jul  9 17:59:32 2024,206
00074,Wed Jul 10 13:54:51 2024,Wed Jul 10 14:00:18 2024,327
00075,Wed Jul 10 14:02:52 2024,Wed Jul 10 14:26:57 2024,1445
00076,Wed Jul 10 14:29:12 2024,Wed Jul 10 14:41:46 2024,754
00077,Wed Jul 10 14:59:10 2024,Wed Jul 10 15:04:44 2024,334
00078,Wed Jul 10 15:07:14 2024,Wed Jul 10 15:17:09 2024,595
00079,Wed Jul 10 15:23:28 2024,Wed Jul 10 15:36:18 2024,770
00080,Wed Jul 10 15:39:37 2024,Wed Jul 10 15:48:00 2024,503
00081,Wed Jul 10 15:49:46 2024,Wed Jul 10 16:04:27 2024,881
00082,Wed Jul 10 16:06:15 2024,Wed Jul 10 16:22:05 2024,950
00083,Wed Jul 10 16:25:59 2024,Wed Jul 10 16:26:30 2024,31
00084,Wed Jul 10 16:28:20 2024,Wed Jul 10 16:37:12 2024,532
00085,Wed Jul 10 16:43:48 2024,Wed Jul 10 16:53:53 2024,605
00086,Wed Jul 10 16:57:52 2024,Wed Jul 10 17:02:51 2024,299
00087,Wed Jul 10 17:05:16 2024,Wed Jul 10 17:12:10 2024,414
00088,Wed Jul 10 17:16:21 2024,Wed Jul 10 17:18:26 2024,125
00089,Wed Jul 10 17:20:15 2024,Wed Jul 10 17:23:50 2024,215
00090,Wed Jul 10 17:30:03 2024,Wed Jul 10 17:32:05 2024,122
00091,Wed Jul 10 17:32:40 2024,Wed Jul 10 17:33:28 2024,48
00092,Wed Jul 10 17:35:33 2024,Wed Jul 10 17:38:05 2024,152
00093,Wed Jul 10 17:40:09 2024,Wed Jul 10 17:42:36 2024,147
00094,Wed Jul 10 17:42:54 2024,Wed Jul 10 17:46:59 2024,245
00095,Wed Jul 10 17:51:09 2024,Wed Jul 10 18:08:05 2024,1016
00096,Thu Jul 11 09:56:06 2024,Thu Jul 11 10:09:38 2024,812
00097,Thu Jul 11 10:11:45 2024,Thu Jul 11 10:15:44 2024,239
00098,Thu Jul 11 10:16:46 2024,Thu Jul 11 10:24:04 2024,438
00099,Thu Jul 11 10:26:03 2024,Thu Jul 11 10:32:36 2024,393
00100,Thu Jul 11 10:35:41 2024,Thu Jul 11 10:40:26 2024,285
00101,Thu Jul 11 10:42:03 2024,Thu Jul 11 10:48:00 2024,357
00102,Thu Jul 11 10:52:28 2024,Thu Jul 11 11:15:31 2024,1383
00103,Thu Jul 11 11:18:00 2024,Thu Jul 11 11:20:16 2024,136
00104,Thu Jul 11 11:24:55 2024,Thu Jul 11 11:33:43 2024,528
00105,Thu Jul 11 11:38:22 2024,Thu Jul 11 11:55:06 2024,1004
00106,Thu Jul 11 11:58:15 2024,Thu Jul 11 11:59:04 2024,49
00107,Thu Jul 11 12:11:29 2024,Thu Jul 11 12:26:05 2024,876
00108,Thu Jul 11 12:29:27 2024,Thu Jul 11 12:35:23 2024,356
00109,Thu Jul 11 12:37:25 2024,Thu Jul 11 12:37:56 2024,31
00110,Thu Jul 11 12:39:36 2024,Thu Jul 11 12:40:36 2024,60
00111,Thu Jul 11 12:54:50 2024,Thu Jul 11 12:56:05 2024,75
00112,Thu Jul 11 12:59:39 2024,Thu Jul 11 13:05:51 2024,372
00113,Thu Jul 11 13:08:53 2024,Thu Jul 11 13:25:26 2024,993
00114,Thu Jul 11 13:30:02 2024,Thu Jul 11 13:42:16 2024,734
00115,Thu Jul 11 13:45:25 2024,Thu Jul 11 13:51:58 2024,393
00116,Thu Jul 11 13:54:45 2024,Thu Jul 11 14:02:21 2024,456
00117,Thu Jul 11 14:03:57 2024,Thu Jul 11 14:13:08 2024,551
00118,Thu Jul 11 14:15:56 2024,Thu Jul 11 14:31:23 2024,927
00119,Thu Jul 11 14:33:48 2024,Thu Jul 11 14:45:47 2024,719
00120,Thu Jul 11 14:48:28 2024,Thu Jul 11 14:59:34 2024,666
00121,Thu Jul 11 15:04:08 2024,Thu Jul 11 15:07:56 2024,228
00122,Thu Jul 11 15:08:14 2024,Thu Jul 11 15:09:30 2024,76
00123,Thu Jul 11 15:10:29 2024,Thu Jul 11 15:27:58 2024,1049
00124,Thu Jul 11 15:38:43 2024,Thu Jul 11 15:48:31 2024,588
00125,Thu Jul 11 15:48:50 2024,Thu Jul 11 15:55:30 2024,400
00126,Thu Jul 11 16:00:40 2024,Thu Jul 11 16:09:50 2024,550
00127,Thu Jul 11 16:12:55 2024,Thu Jul 11 16:14:23 2024,88
00128,Thu Jul 11 16:22:09 2024,Thu Jul 11 16:27:33 2024,324
00129,Thu Jul 11 16:31:08 2024,Thu Jul 11 17:20:53 2024,2985
00130,Thu Jul 11 17:28:18 2024,Thu Jul 11 17:33:06 2024,288
00131,Thu Jul 11 17:35:00 2024,Thu Jul 11 17:50:43 2024,943
00132,Thu Jul 11 17:53:20 2024,Thu Jul 11 18:00:05 2024,405
00133,Fri Jul 12 09:59:25 2024,Fri Jul 12 10:14:27 2024,902
00134,Fri Jul 12 10:19:28 2024,Fri Jul 12 10:29:13 2024,585
00135,Fri Jul 12 10:43:46 2024,Fri Jul 12 10:54:36 2024,650
00136,Fri Jul 12 11:02:18 2024,Fri Jul 12 11:15:14 2024,776
00137,Fri Jul 12 11:21:22 2024,Fri Jul 12 11:22:45 2024,83
00138,Fri Jul 12 11:25:53 2024,Fri Jul 12 11:26:25 2024,32
00139,Fri Jul 12 11:28:33 2024,Fri Jul 12 11:29:01 2024,28
00140,Fri Jul 12 11:30:55 2024,Fri Jul 12 11:31:10 2024,15
00141,Fri Jul 12 11:38:06 2024,Fri Jul 12 11:38:39 2024,33
00142,Fri Jul 12 11:42:06 2024,Fri Jul 12 11:42:45 2024,39
00143,Fri Jul 12 11:46:04 2024,Fri Jul 12 11:47:28 2024,84
00144,Fri Jul 12 11:48:57 2024,Fri Jul 12 11:50:28 2024,91
00145,Fri Jul 12 11:52:06 2024,Fri Jul 12 11:53:16 2024,70
00146,Fri Jul 12 11:55:51 2024,Fri Jul 12 11:56:27 2024,36
00147,Fri Jul 12 11:58:00 2024,Fri Jul 12 12:14:02 2024,962
00148,Fri Jul 12 12:17:34 2024,Fri Jul 12 12:29:25 2024,711
00149,Fri Jul 12 12:33:45 2024,Fri Jul 12 12:34:59 2024,74
00150,Fri Jul 12 12:38:45 2024,Fri Jul 12 12:45:59 2024,434
00151,Fri Jul 12 12:52:30 2024,Fri Jul 12 12:52:48 2024,18
00152,Fri Jul 12 12:53:31 2024,Fri Jul 12 13:23:13 2024,1782
00153,Fri Jul 12 13:27:31 2024,Fri Jul 12 13:36:16 2024,525
00154,Fri Jul 12 13:38:58 2024,Fri Jul 12 13:39:36 2024,38
00155,Fri Jul 12 13:42:01 2024,Fri Jul 12 13:42:35 2024,34
00156,Fri Jul 12 13:44:50 2024,Fri Jul 12 13:51:56 2024,426
00157,Fri Jul 12 13:55:05 2024,Fri Jul 12 14:00:51 2024,346
00158,Fri Jul 12 14:03:08 2024,Fri Jul 12 14:03:36 2024,28
00159,Fri Jul 12 14:07:55 2024,Fri Jul 12 14:12:04 2024,249
00160,Fri Jul 12 14:13:12 2024,Fri Jul 12 14:17:40 2024,268
00161,Fri Jul 12 14:21:07 2024,Fri Jul 12 14:22:54 2024,107
00162,Fri Jul 12 14:34:56 2024,Fri Jul 12 14:41:17 2024,381
00163,Fri Jul 12 14:45:08 2024,Fri Jul 12 14:51:44 2024,396
00164,Fri Jul 12 14:52:42 2024,Fri Jul 12 15:00:26 2024,464
00165,Fri Jul 12 15:01:14 2024,Fri Jul 12 15:05:16 2024,242
00166,Fri Jul 12 15:07:13 2024,Fri Jul 12 15:12:39 2024,326
00167,Fri Jul 12 15:15:23 2024,Fri Jul 12 15:19:29 2024,246
00168,Fri Jul 12 15:22:19 2024,Fri Jul 12 15:27:21 2024,302
00169,Fri Jul 12 15:33:39 2024,Fri Jul 12 15:38:10 2024,271
00170,Fri Jul 12 15:38:16 2024,Fri Jul 12 15:47:01 2024,525
00171,Fri Jul 12 15:50:05 2024,Fri Jul 12 16:01:35 2024,690
00172,Fri Jul 12 16:04:21 2024,Fri Jul 12 16:12:27 2024,486
00173,Fri Jul 12 16:18:20 2024,Fri Jul 12 16:22:34 2024,254
00174,Fri Jul 12 16:25:36 2024,Fri Jul 12 16:27:26 2024,110
00175,Fri Jul 12 16:35:03 2024,Fri Jul 12 16:39:16 2024,253
00176,Fri Jul 12 16:42:09 2024,Fri Jul 12 16:48:24 2024,375
00177,Fri Jul 12 17:00:20 2024,Fri Jul 12 17:10:17 2024,597
00178,Fri Jul 12 17:15:52 2024,Fri Jul 12 17:20:23 2024,271
00179,Fri Jul 12 17:23:37 2024,Fri Jul 12 17:39:34 2024,957
00180,Fri Jul 12 17:49:12 2024,Fri Jul 12 18:01:12 2024,720
00181,Mon Jul 15 09:57:12 2024,Mon Jul 15 09:58:18 2024,66
00182,Mon Jul 15 09:59:48 2024,Mon Jul 15 10:15:17 2024,929
00183,Mon Jul 15 10:17:10 2024,Mon Jul 15 10:24:15 2024,425
00184,Mon Jul 15 10:24:36 2024,Mon Jul 15 10:29:05 2024,269
00185,Mon Jul 15 10:35:28 2024,Mon Jul 15 10:53:08 2024,1060
00186,Mon Jul 15 10:56:30 2024,Mon Jul 15 11:09:45 2024,795
00187,Mon Jul 15 11:15:15 2024,Mon Jul 15 11:24:24 2024,549
00188,Mon Jul 15 11:27:45 2024,Mon Jul 15 11:42:24 2024,879
00189,Mon Jul 15 11:44:18 2024,Mon Jul 15 11:59:29 2024,911
00190,Mon Jul 15 12:01:32 2024,Mon Jul 15 12:35:15 2024,2023
00191,Mon Jul 15 12:38:21 2024,Mon Jul 15 12:51:21 2024,780
00192,Mon Jul 15 17:25:51 2024,Mon Jul 15 17:31:17 2024,326
00193,Mon Jul 15 17:34:32 2024,Mon Jul 15 17:52:16 2024,1064
00194,Mon Jul 15 17:54:29 2024,Mon Jul 15 18:10:53 2024,984
00195,Tue Jul 16 12:01:53 2024,Tue Jul 16 12:08:24 2024,391
00196,Tue Jul 16 12:08:32 2024,Tue Jul 16 12:15:08 2024,396
00197,Tue Jul 16 12:31:50 2024,Tue Jul 16 12:51:35 2024,1185
00198,Tue Jul 16 12:52:59 2024,Tue Jul 16 13:09:42 2024,1003
00199,Tue Jul 16 13:12:09 2024,Tue Jul 16 13:22:22 2024,613
00200,Tue Jul 16 13:29:16 2024,Tue Jul 16 13:36:09 2024,413
00201,Tue Jul 16 13:38:11 2024,Tue Jul 16 13:40:09 2024,118
00202,Tue Jul 16 13:49:18 2024,Tue Jul 16 13:54:06 2024,288
00203,Tue Jul 16 13:54:17 2024,Tue Jul 16 13:56:30 2024,133
00204,Tue Jul 16 14:05:35 2024,Tue Jul 16 14:12:40 2024,425
00205,Tue Jul 16 14:14:51 2024,Tue Jul 16 14:20:20 2024,329
00206,Tue Jul 16 14:26:29 2024,Tue Jul 16 14:35:04 2024,515
00207,Tue Jul 16 14:38:17 2024,Tue Jul 16 14:44:19 2024,362
00208,Tue Jul 16 14:47:34 2024,Tue Jul 16 14:53:40 2024,366
00209,Tue Jul 16 14:56:53 2024,Tue Jul 16 14:59:31 2024,158
00210,Tue Jul 16 15:04:12 2024,Tue Jul 16 15:05:36 2024,84
00211,Tue Jul 16 15:06:55 2024,Tue Jul 16 15:25:46 2024,1131
00212,Tue Jul 16 15:28:03 2024,Tue Jul 16 15:37:13 2024,550
00213,Tue Jul 16 15:38:29 2024,Tue Jul 16 15:41:12 2024,163
00214,Tue Jul 16 15:46:29 2024,Tue Jul 16 15:56:57 2024,628
00215,Tue Jul 16 15:59:53 2024,Tue Jul 16 16:06:33 2024,400
00216,Tue Jul 16 16:10:37 2024,Tue Jul 16 16:12:28 2024,111
00217,Tue Jul 16 16:13:47 2024,Tue Jul 16 16:28:43 2024,896
00218,Tue Jul 16 16:35:04 2024,Tue Jul 16 16:40:40 2024,336
00219,Tue Jul 16 16:42:29 2024,Tue Jul 16 16:45:03 2024,154
00220,Tue Jul 16 17:36:51 2024,Tue Jul 16 17:37:40 2024,49
00221,Tue Jul 16 17:37:55 2024,Tue Jul 16 17:48:25 2024,630
00222,Tue Jul 16 17:50:14 2024,Tue Jul 16 18:09:55 2024,1181
00223,Wed Jul 17 09:55:26 2024,Wed Jul 17 10:04:58 2024,572
00224,Wed Jul 17 10:06:37 2024,Wed Jul 17 10:14:13 2024,456
00225,Wed Jul 17 10:16:44 2024,Wed Jul 17 10:17:47 2024,63
00226,Wed Jul 17 10:19:49 2024,Wed Jul 17 10:36:52 2024,1023
00227,Wed Jul 17 10:52:39 2024,Wed Jul 17 11:11:13 2024,1114
00228,Wed Jul 17 11:15:14 2024,Wed Jul 17 11:15:57 2024,43
00229,Wed Jul 17 11:18:05 2024,Wed Jul 17 11:22:42 2024,277
00230,Wed Jul 17 11:35:41 2024,Wed Jul 17 11:38:34 2024,173
00231,Wed Jul 17 11:45:04 2024,Wed Jul 17 11:47:39 2024,155
00232,Wed Jul 17 11:48:55 2024,Wed Jul 17 11:50:15 2024,80
00233,Wed Jul 17 11:52:28 2024,Wed Jul 17 11:59:14 2024,406
00234,Wed Jul 17 11:59:46 2024,Wed Jul 17 12:00:31 2024,45
00235,Wed Jul 17 12:00:55 2024,Wed Jul 17 12:07:33 2024,398
00236,Wed Jul 17 12:09:39 2024,Wed Jul 17 12:12:53 2024,194
00237,Wed Jul 17 12:13:34 2024,Wed Jul 17 12:13:49 2024,15
00238,Wed Jul 17 12:15:48 2024,Wed Jul 17 12:23:09 2024,441
00239,Wed Jul 17 12:24:55 2024,Wed Jul 17 12:25:30 2024,35
00240,Wed Jul 17 12:30:47 2024,Wed Jul 17 12:32:00 2024,73
00241,Wed Jul 17 12:32:13 2024,Wed Jul 17 12:38:59 2024,406
00242,Wed Jul 17 12:47:45 2024,Wed Jul 17 12:48:44 2024,59
00243,Wed Jul 17 12:51:23 2024,Wed Jul 17 12:58:10 2024,407
00244,Wed Jul 17 13:06:49 2024,Wed Jul 17 13:08:35 2024,106
00245,Wed Jul 17 13:16:21 2024,Wed Jul 17 13:18:31 2024,130
00246,Wed Jul 17 13:18:39 2024,Wed Jul 17 13:33:49 2024,910
00247,Wed Jul 17 13:35:25 2024,Wed Jul 17 13:35:40 2024,15
00248,Wed Jul 17 13:38:21 2024,Wed Jul 17 13:41:23 2024,182
00249,Wed Jul 17 13:44:00 2024,Wed Jul 17 13:47:13 2024,193
00250,Wed Jul 17 13:48:46 2024,Wed Jul 17 13:54:16 2024,330
00251,Wed Jul 17 14:03:58 2024,Wed Jul 17 14:07:08 2024,190
00252,Wed Jul 17 14:09:23 2024,Wed Jul 17 14:25:47 2024,984
00253,Wed Jul 17 14:29:09 2024,Wed Jul 17 14:39:08 2024,599
00254,Wed Jul 17 14:54:11 2024,Wed Jul 17 15:09:30 2024,919
00255,Wed Jul 17 15:21:06 2024,Wed Jul 17 15:29:26 2024,500
00256,Wed Jul 17 15:29:37 2024,Wed Jul 17 15:38:22 2024,525
00257,Wed Jul 17 15:41:15 2024,Wed Jul 17 15:44:03 2024,168
00258,Wed Jul 17 15:47:58 2024,Wed Jul 17 15:55:28 2024,450
00259,Wed Jul 17 16:00:01 2024,Wed Jul 17 16:06:41 2024,400
00260,Wed Jul 17 16:09:18 2024,Wed Jul 17 16:21:28 2024,730
00261,Wed Jul 17 16:23:33 2024,Wed Jul 17 16:43:50 2024,1217
00262,Wed Jul 17 16:54:00 2024,Wed Jul 17 17:02:46 2024,526
00263,Wed Jul 17 17:03:30 2024,Wed Jul 17 17:12:34 2024,544
00264,Wed Jul 17 17:14:41 2024,Wed Jul 17 17:29:37 2024,896
00265,Wed Jul 17 17:32:37 2024,Wed Jul 17 17:36:19 2024,222
00266,Wed Jul 17 17:37:05 2024,Wed Jul 17 17:45:33 2024,508
00267,Wed Jul 17 17:47:12 2024,Wed Jul 17 18:00:05 2024,773
00268,Wed Jul 17 18:02:16 2024,Wed Jul 17 18:04:25 2024,129
00269,Thu Jul 18 10:02:03 2024,Thu Jul 18 10:03:05 2024,62
00270,Thu Jul 18 10:09:30 2024,Thu Jul 18 10:11:04 2024,94
00271,Thu Jul 18 10:11:13 2024,Thu Jul 18 10:15:01 2024,228
00272,Thu Jul 18 10:17:52 2024,Thu Jul 18 10:21:01 2024,189
00273,Thu Jul 18 10:25:38 2024,Thu Jul 18 10:28:06 2024,148
00274,Thu Jul 18 10:28:55 2024,Thu Jul 18 10:32:20 2024,205
00275,Thu Jul 18 10:33:12 2024,Thu Jul 18 10:40:04 2024,412
00276,Thu Jul 18 10:41:50 2024,Thu Jul 18 10:52:02 2024,612
00277,Thu Jul 18 10:53:53 2024,Thu Jul 18 11:01:10 2024,437
00278,Thu Jul 18 11:02:10 2024,Thu Jul 18 11:11:36 2024,566
00279,Thu Jul 18 11:12:18 2024,Thu Jul 18 11:14:26 2024,128
00280,Thu Jul 18 11:15:16 2024,Thu Jul 18 11:18:08 2024,172
00281,Thu Jul 18 11:19:34 2024,Thu Jul 18 11:21:57 2024,143
00282,Thu Jul 18 11:23:06 2024,Thu Jul 18 11:24:20 2024,74
00283,Thu Jul 18 11:25:00 2024,Thu Jul 18 11:27:44 2024,164
00284,Thu Jul 18 11:30:03 2024,Thu Jul 18 11:33:18 2024,195
00285,Thu Jul 18 11:35:15 2024,Thu Jul 18 11:48:05 2024,770
00286,Thu Jul 18 11:50:07 2024,Thu Jul 18 11:51:42 2024,95
00287,Thu Jul 18 11:53:41 2024,Thu Jul 18 11:55:03 2024,82
00288,Thu Jul 18 11:56:22 2024,Thu Jul 18 11:56:45 2024,23
00289,Thu Jul 18 11:58:13 2024,Thu Jul 18 12:12:20 2024,847
00290,Thu Jul 18 12:15:31 2024,Thu Jul 18 12:27:23 2024,712
00291,Thu Jul 18 12:30:13 2024,Thu Jul 18 12:32:07 2024,114
00292,Thu Jul 18 12:32:51 2024,Thu Jul 18 12:36:43 2024,232
00293,Thu Jul 18 12:43:46 2024,Thu Jul 18 12:56:14 2024,748
00294,Thu Jul 18 12:59:30 2024,Thu Jul 18 13:01:56 2024,146
00295,Thu Jul 18 13:03:09 2024,Thu Jul 18 13:07:40 2024,271
00296,Thu Jul 18 13:08:53 2024,Thu Jul 18 13:09:51 2024,58
00297,Thu Jul 18 13:10:41 2024,Thu Jul 18 13:12:02 2024,81
00298,Thu Jul 18 13:12:46 2024,Thu Jul 18 13:16:24 2024,218
00299,Thu Jul 18 13:19:22 2024,Thu Jul 18 13:24:04 2024,282
00300,Thu Jul 18 13:34:33 2024,Thu Jul 18 13:43:29 2024,536
00301,Thu Jul 18 13:49:30 2024,Thu Jul 18 14:05:53 2024,983
00302,Thu Jul 18 14:13:25 2024,Thu Jul 18 14:19:14 2024,349
00303,Thu Jul 18 14:23:56 2024,Thu Jul 18 14:29:23 2024,327
00304,Thu Jul 18 14:42:52 2024,Thu Jul 18 14:52:21 2024,569
00305,Thu Jul 18 14:53:06 2024,Thu Jul 18 15:11:46 2024,1120
00306,Thu Jul 18 15:13:44 2024,Thu Jul 18 15:30:18 2024,994
00307,Thu Jul 18 15:31:35 2024,Thu Jul 18 15:33:41 2024,126
00308,Thu Jul 18 15:35:01 2024,Thu Jul 18 15:36:20 2024,79
00309,Thu Jul 18 15:36:57 2024,Thu Jul 18 15:41:00 2024,243
00310,Thu Jul 18 15:41:48 2024,Thu Jul 18 15:47:22 2024,334
00311,Thu Jul 18 15:57:33 2024,Thu Jul 18 16:01:12 2024,219
00312,Thu Jul 18 16:03:06 2024,Thu Jul 18 16:05:25 2024,139
00313,Thu Jul 18 16:09:04 2024,Thu Jul 18 16:11:07 2024,123
00314,Thu Jul 18 16:11:45 2024,Thu Jul 18 16:14:51 2024,186
00315,Thu Jul 18 16:15:23 2024,Thu Jul 18 16:39:38 2024,1455
00316,Thu Jul 18 16:44:35 2024,Thu Jul 18 16:55:25 2024,650
00317,Thu Jul 18 16:57:53 2024,Thu Jul 18 17:10:02 2024,729
00318,Thu Jul 18 17:12:15 2024,Thu Jul 18 17:29:07 2024,1012
00319,Thu Jul 18 17:33:42 2024,Thu Jul 18 17:36:49 2024,187
00320,Thu Jul 18 17:40:35 2024,Thu Jul 18 17:49:21 2024,526
00321,Thu Jul 18 17:50:24 2024,Thu Jul 18 17:55:58 2024,334
00322,Thu Jul 18 18:00:20 2024,Thu Jul 18 18:07:03 2024,403
00323,Fri Jul 19 10:42:44 2024,Fri Jul 19 10:48:12 2024,328
00324,Fri Jul 19 10:50:19 2024,Fri Jul 19 10:54:07 2024,228
00325,Fri Jul 19 10:54:54 2024,Fri Jul 19 10:56:20 2024,86
00326,Fri Jul 19 10:57:59 2024,Fri Jul 19 11:03:00 2024,301
00327,Fri Jul 19 11:03:47 2024,Fri Jul 19 11:12:11 2024,504
00328,Fri Jul 19 11:14:09 2024,Fri Jul 19 11:26:54 2024,765
00329,Fri Jul 19 11:30:49 2024,Fri Jul 19 11:43:57 2024,788
00330,Fri Jul 19 11:46:07 2024,Fri Jul 19 11:51:30 2024,323
00331,Fri Jul 19 11:53:36 2024,Fri Jul 19 12:27:46 2024,2050
00332,Fri Jul 19 12:33:46 2024,Fri Jul 19 12:36:32 2024,166
00333,Fri Jul 19 12:36:46 2024,Fri Jul 19 12:47:03 2024,617
00334,Fri Jul 19 12:49:16 2024,Fri Jul 19 12:56:49 2024,453
00335,Fri Jul 19 12:58:43 2024,Fri Jul 19 13:11:47 2024,784
00336,Fri Jul 19 13:13:43 2024,Fri Jul 19 13:21:35 2024,472
00337,Fri Jul 19 13:25:12 2024,Fri Jul 19 13:35:28 2024,616
00338,Fri Jul 19 13:47:20 2024,Fri Jul 19 13:51:12 2024,232
00339,Fri Jul 19 13:51:43 2024,Fri Jul 19 13:53:58 2024,135
00340,Fri Jul 19 13:55:17 2024,Fri Jul 19 14:08:34 2024,797
00341,Fri Jul 19 14:12:07 2024,Fri Jul 19 14:29:18 2024,1031
00342,Fri Jul 19 14:33:03 2024,Fri Jul 19 14:43:26 2024,623
00343,Fri Jul 19 14:45:08 2024,Fri Jul 19 14:55:39 2024,631
00344,Fri Jul 19 15:02:26 2024,Fri Jul 19 15:06:32 2024,246
00345,Fri Jul 19 15:08:52 2024,Fri Jul 19 15:18:59 2024,607
00346,Fri Jul 19 15:21:05 2024,Fri Jul 19 15:21:22 2024,17
00347,Fri Jul 19 15:23:27 2024,Fri Jul 19 15:31:42 2024,495
00348,Fri Jul 19 15:42:56 2024,Fri Jul 19 15:49:01 2024,365
00349,Fri Jul 19 15:51:04 2024,Fri Jul 19 15:55:07 2024,243
00350,Fri Jul 19 15:55:37 2024,Fri Jul 19 16:08:21 2024,764
00351,Fri Jul 19 16:09:46 2024,Fri Jul 19 16:11:04 2024,78
00352,Fri Jul 19 16:12:05 2024,Fri Jul 19 16:25:10 2024,785
00353,Fri Jul 19 16:32:12 2024,Fri Jul 19 16:32:59 2024,47
00354,Fri Jul 19 16:33:17 2024,Fri Jul 19 16:40:00 2024,403
00355,Fri Jul 19 16:41:23 2024,Fri Jul 19 16:57:31 2024,968
00356,Fri Jul 19 17:08:10 2024,Fri Jul 19 17:11:29 2024,199
00357,Fri Jul 19 17:13:30 2024,Fri Jul 19 17:16:59 2024,209
00358,Fri Jul 19 17:18:38 2024,Fri Jul 19 17:20:12 2024,94
00359,Fri Jul 19 17:21:16 2024,Fri Jul 19 17:22:25 2024,69
00360,Fri Jul 19 17:23:54 2024,Fri Jul 19 17:29:46 2024,352
00361,Fri Jul 19 17:38:19 2024,Fri Jul 19 17:49:06 2024,647
00362,Fri Jul 19 17:52:07 2024,Fri Jul 19 17:58:05 2024,358
00363,Mon Jul 22 11:07:23 2024,Mon Jul 22 11:07:39 2024,16
00364,Mon Jul 22 11:08:19 2024,Mon Jul 22 11:13:45 2024,326
00365,Mon Jul 22 11:16:05 2024,Mon Jul 22 11:20:55 2024,290
00366,Mon Jul 22 11:23:04 2024,Mon Jul 22 11:34:07 2024,663
00367,Mon Jul 22 11:36:56 2024,Mon Jul 22 11:44:34 2024,458
00368,Mon Jul 22 11:50:14 2024,Mon Jul 22 12:02:02 2024,708
00369,Mon Jul 22 12:07:43 2024,Mon Jul 22 12:09:09 2024,86
00370,Mon Jul 22 12:11:25 2024,Mon Jul 22 12:12:13 2024,48
00371,Mon Jul 22 12:13:01 2024,Mon Jul 22 12:14:30 2024,89
00372,Mon Jul 22 12:19:20 2024,Mon Jul 22 12:20:52 2024,92
00373,Mon Jul 22 12:23:06 2024,Mon Jul 22 12:26:27 2024,201
00374,Mon Jul 22 12:28:22 2024,Mon Jul 22 12:38:01 2024,579
00375,Mon Jul 22 12:39:47 2024,Mon Jul 22 12:42:32 2024,165
00376,Mon Jul 22 12:43:14 2024,Mon Jul 22 12:54:13 2024,659
00377,Mon Jul 22 13:08:09 2024,Mon Jul 22 13:08:23 2024,14
00378,Mon Jul 22 13:08:36 2024,Mon Jul 22 13:10:42 2024,126
00379,Mon Jul 22 13:11:44 2024,Mon Jul 22 13:14:36 2024,172
00380,Mon Jul 22 13:17:04 2024,Mon Jul 22 13:19:02 2024,118
00381,Mon Jul 22 13:19:50 2024,Mon Jul 22 13:21:54 2024,124
00382,Mon Jul 22 13:38:28 2024,Mon Jul 22 13:40:27 2024,119
00383,Mon Jul 22 13:49:41 2024,Mon Jul 22 14:00:44 2024,663
00384,Mon Jul 22 14:01:32 2024,Mon Jul 22 14:02:19 2024,47
00385,Mon Jul 22 14:03:48 2024,Mon Jul 22 14:11:57 2024,489
00386,Mon Jul 22 14:13:26 2024,Mon Jul 22 14:28:08 2024,882
00387,Mon Jul 22 14:32:19 2024,Mon Jul 22 14:39:32 2024,433
00388,Mon Jul 22 14:40:50 2024,Mon Jul 22 14:45:52 2024,302
00389,Mon Jul 22 14:48:29 2024,Mon Jul 22 14:49:42 2024,73
00390,Mon Jul 22 14:51:52 2024,Mon Jul 22 14:56:27 2024,275
00391,Mon Jul 22 14:58:47 2024,Mon Jul 22 15:11:36 2024,769
00392,Mon Jul 22 15:13:33 2024,Mon Jul 22 15:15:52 2024,139
00393,Mon Jul 22 15:18:05 2024,Mon Jul 22 15:18:57 2024,52
00394,Mon Jul 22 15:19:50 2024,Mon Jul 22 15:32:49 2024,779
00395,Mon Jul 22 15:35:42 2024,Mon Jul 22 15:36:05 2024,23
00396,Mon Jul 22 15:36:33 2024,Mon Jul 22 15:43:45 2024,432
00397,Mon Jul 22 15:45:07 2024,Mon Jul 22 15:45:21 2024,14
00398,Mon Jul 22 15:46:50 2024,Mon Jul 22 15:55:50 2024,540
00399,Mon Jul 22 15:58:01 2024,Mon Jul 22 16:03:39 2024,338
00400,Mon Jul 22 16:13:41 2024,Mon Jul 22 16:18:04 2024,263
00401,Mon Jul 22 16:19:59 2024,Mon Jul 22 16:22:30 2024,151
00402,Mon Jul 22 16:32:20 2024,Mon Jul 22 16:36:03 2024,223
00403,Mon Jul 22 16:42:43 2024,Mon Jul 22 16:47:50 2024,307
00404,Mon Jul 22 16:50:29 2024,Mon Jul 22 17:08:19 2024,1070
00405,Mon Jul 22 17:12:45 2024,Mon Jul 22 17:15:04 2024,139
00406,Mon Jul 22 17:15:10 2024,Mon Jul 22 17:24:51 2024,581
00407,Mon Jul 22 17:25:16 2024,Mon Jul 22 17:26:37 2024,81
00408,Mon Jul 22 17:26:53 2024,Mon Jul 22 17:36:38 2024,585
00409,Mon Jul 22 17:37:22 2024,Mon Jul 22 17:38:09 2024,47
00410,Mon Jul 22 17:41:08 2024,Mon Jul 22 17:44:15 2024,187
00411,Mon Jul 22 17:49:37 2024,Mon Jul 22 18:02:40 2024,783
00412,Tue Jul 23 10:06:07 2024,Tue Jul 23 10:35:13 2024,1746
00413,Tue Jul 23 10:36:50 2024,Tue Jul 23 10:59:51 2024,1381
00414,Tue Jul 23 11:02:48 2024,Tue Jul 23 11:04:30 2024,102
00415,Tue Jul 23 11:06:11 2024,Tue Jul 23 11:11:20 2024,309
00416,Tue Jul 23 11:16:54 2024,Tue Jul 23 11:25:11 2024,497
00417,Tue Jul 23 11:29:48 2024,Tue Jul 23 11:35:22 2024,334
00418,Tue Jul 23 11:38:53 2024,Tue Jul 23 11:40:57 2024,124
00419,Tue Jul 23 11:44:36 2024,Tue Jul 23 11:54:36 2024,600
00420,Tue Jul 23 11:55:06 2024,Tue Jul 23 11:58:33 2024,207
00421,Tue Jul 23 12:00:02 2024,Tue Jul 23 12:13:16 2024,794
00422,Tue Jul 23 12:15:23 2024,Tue Jul 23 12:30:50 2024,927
00423,Tue Jul 23 12:35:44 2024,Tue Jul 23 12:36:17 2024,33
00424,Tue Jul 23 12:36:31 2024,Tue Jul 23 12:39:55 2024,204
00425,Tue Jul 23 12:40:10 2024,Tue Jul 23 12:46:35 2024,385
00426,Tue Jul 23 12:49:07 2024,Tue Jul 23 13:07:15 2024,1088
00427,Tue Jul 23 13:09:07 2024,Tue Jul 23 13:25:51 2024,1004
00428,Tue Jul 23 13:28:13 2024,Tue Jul 23 13:41:32 2024,799
00429,Tue Jul 23 13:43:20 2024,Tue Jul 23 13:54:26 2024,666
00430,Tue Jul 23 13:58:40 2024,Tue Jul 23 14:11:54 2024,794
00431,Tue Jul 23 14:16:53 2024,Tue Jul 23 14:58:10 2024,2477
00432,Tue Jul 23 15:01:38 2024,Tue Jul 23 15:02:33 2024,55
00433,Tue Jul 23 16:33:50 2024,Tue Jul 23 16:38:42 2024,292
00434,Tue Jul 23 16:39:25 2024,Tue Jul 23 16:45:50 2024,385
00435,Tue Jul 23 16:47:54 2024,Tue Jul 23 17:04:36 2024,1002
00436,Tue Jul 23 17:06:43 2024,Tue Jul 23 17:07:48 2024,65
00437,Tue Jul 23 17:08:09 2024,Tue Jul 23 17:16:10 2024,481
00438,Tue Jul 23 17:17:59 2024,Tue Jul 23 17:27:40 2024,581
00439,Tue Jul 23 17:29:08 2024,Tue Jul 23 17:46:09 2024,1021
00440,Tue Jul 23 17:48:49 2024,Tue Jul 23 18:05:18 2024,989
00500,Fri Aug  9 10:14:00 2024,Fri Aug  9 10:14:58 2024,58
00501,Fri Aug  9 10:33:57 2024,Fri Aug  9 10:36:32 2024,155
00502,Fri Aug  9 10:39:19 2024,Fri Aug  9 10:46:42 2024,443
00503,Fri Aug  9 10:47:41 2024,Fri Aug  9 10:50:09 2024,148
00504,Fri Aug  9 10:50:34 2024,Fri Aug  9 10:57:20 2024,406
00505,Fri Aug  9 10:58:10 2024,Fri Aug  9 11:09:48 2024,698
00506,Fri Aug  9 11:10:46 2024,Fri Aug  9 11:14:01 2024,195
00507,Fri Aug  9 11:16:53 2024,Fri Aug  9 11:19:20 2024,147
00508,Fri Aug  9 11:21:54 2024,Fri Aug  9 11:35:36 2024,822
00509,Fri Aug  9 11:37:33 2024,Fri Aug  9 11:38:03 2024,30
00510,Fri Aug  9 11:52:06 2024,Fri Aug  9 11:56:09 2024,243
00511,Fri Aug  9 12:00:44 2024,Fri Aug  9 12:02:47 2024,123
00512,Fri Aug  9 12:03:28 2024,Fri Aug  9 12:06:33 2024,185
00513,Fri Aug  9 12:09:21 2024,Fri Aug  9 12:19:37 2024,616
00514,Fri Aug  9 12:26:46 2024,Fri Aug  9 12:35:07 2024,501
00515,Fri Aug  9 12:36:35 2024,Fri Aug  9 12:38:48 2024,133
00516,Fri Aug  9 12:39:29 2024,Fri Aug  9 12:47:18 2024,469
00517,Fri Aug  9 12:49:16 2024,Fri Aug  9 12:55:03 2024,347
00518,Fri Aug  9 12:56:45 2024,Fri Aug  9 13:03:46 2024,421
00519,Fri Aug  9 13:05:42 2024,Fri Aug  9 13:16:11 2024,629
00520,Fri Aug  9 13:21:36 2024,Fri Aug  9 13:21:51 2024,15
00521,Fri Aug  9 13:24:46 2024,Fri Aug  9 13:33:04 2024,498
00522,Fri Aug  9 13:35:20 2024,Fri Aug  9 13:42:50 2024,450
00523,Fri Aug  9 13:48:44 2024,Fri Aug  9 14:08:22 2024,1178
00524,Mon Aug 12 10:14:12 2024,Mon Aug 12 10:15:15 2024,63
00525,Mon Aug 12 10:15:25 2024,Mon Aug 12 10:17:07 2024,102
00526,Mon Aug 12 10:17:20 2024,Mon Aug 12 10:21:29 2024,249
00527,Mon Aug 12 10:21:39 2024,Mon Aug 12 10:23:15 2024,96
00528,Mon Aug 12 10:26:07 2024,Mon Aug 12 10:37:13 2024,666
00529,Mon Aug 12 10:40:45 2024,Mon Aug 12 10:41:54 2024,69
00530,Mon Aug 12 10:44:47 2024,Mon Aug 12 10:49:37 2024,290
00531,Mon Aug 12 10:51:25 2024,Mon Aug 12 11:04:01 2024,756
00532,Mon Aug 12 11:06:28 2024,Mon Aug 12 11:14:49 2024,501
00533,Mon Aug 12 11:18:04 2024,Mon Aug 12 11:26:26 2024,502
00534,Mon Aug 12 11:37:48 2024,Mon Aug 12 11:38:28 2024,40
00535,Mon Aug 12 11:38:36 2024,Mon Aug 12 11:42:45 2024,249
00536,Mon Aug 12 11:45:26 2024,Mon Aug 12 11:49:27 2024,241
00537,Mon Aug 12 11:49:32 2024,Mon Aug 12 11:57:52 2024,500
00538,Mon Aug 12 11:59:30 2024,Mon Aug 12 12:00:21 2024,51
00539,Mon Aug 12 12:01:11 2024,Mon Aug 12 12:08:49 2024,458
00540,Mon Aug 12 12:11:20 2024,Mon Aug 12 12:19:00 2024,460
00542,Mon Aug 12 12:21:46 2024,Mon Aug 12 12:31:09 2024,563
00543,Mon Aug 12 12:41:57 2024,Mon Aug 12 12:44:26 2024,149
00544,Mon Aug 12 12:45:21 2024,Mon Aug 12 12:46:11 2024,50
00545,Mon Aug 12 12:46:17 2024,Mon Aug 12 12:48:18 2024,121
00546,Mon Aug 12 12:48:27 2024,Mon Aug 12 12:53:57 2024,330
00547,Mon Aug 12 12:57:34 2024,Mon Aug 12 13:03:59 2024,385
00548,Mon Aug 12 13:06:18 2024,Mon Aug 12 13:10:21 2024,243
00549,Mon Aug 12 13:11:31 2024,Mon Aug 12 13:13:36 2024,125
00550,Mon Aug 12 13:16:36 2024,Mon Aug 12 13:23:23 2024,407
00551,Mon Aug 12 13:25:41 2024,Mon Aug 12 13:40:53 2024,912
00552,Mon Aug 12 13:43:38 2024,Mon Aug 12 13:45:30 2024,112
00553,Mon Aug 12 13:45:38 2024,Mon Aug 12 13:52:05 2024,387
00554,Mon Aug 12 13:55:04 2024,Mon Aug 12 13:58:41 2024,217
00555,Mon Aug 12 13:59:40 2024,Mon Aug 12 14:01:33 2024,113
00556,Mon Aug 12 14:03:41 2024,Mon Aug 12 14:14:06 2024,625
00557,Mon Aug 12 14:37:00 2024,Mon Aug 12 14:55:27 2024,1107
00558,Mon Aug 12 14:55:37 2024,Mon Aug 12 14:57:36 2024,119
00559,Mon Aug 12 15:11:50 2024,Mon Aug 12 15:13:11 2024,81
00560,Mon Aug 12 15:13:20 2024,Mon Aug 12 15:15:53 2024,153
00561,Mon Aug 12 15:20:03 2024,Mon Aug 12 15:21:27 2024,84
00562,Mon Aug 12 15:26:45 2024,Mon Aug 12 15:28:14 2024,89
00563,Mon Aug 12 15:31:58 2024,Mon Aug 12 15:33:19 2024,81
00564,Mon Aug 12 15:37:01 2024,Mon Aug 12 15:41:34 2024,273
00565,Mon Aug 12 15:41:40 2024,Mon Aug 12 15:41:54 2024,14
00566,Mon Aug 12 15:42:03 2024,Mon Aug 12 15:42:31 2024,28
00567,Mon Aug 12 15:43:33 2024,Mon Aug 12 15:45:03 2024,90
00568,Mon Aug 12 16:07:47 2024,Mon Aug 12 16:08:15 2024,28
00569,Mon Aug 12 16:10:22 2024,Mon Aug 12 16:13:39 2024,197
00570,Mon Aug 12 16:13:56 2024,Mon Aug 12 16:16:46 2024,170
00571,Mon Aug 12 16:17:56 2024,Mon Aug 12 16:23:39 2024,343
00572,Mon Aug 12 16:26:44 2024,Mon Aug 12 16:32:20 2024,336
00573,Mon Aug 12 16:33:30 2024,Mon Aug 12 16:40:59 2024,449
00574,Mon Aug 12 16:43:33 2024,Mon Aug 12 17:02:05 2024,1112
00575,Mon Aug 12 17:05:18 2024,Mon Aug 12 17:11:06 2024,348
00576,Mon Aug 12 17:26:21 2024,Mon Aug 12 17:34:41 2024,500
00577,Mon Aug 12 17:37:23 2024,Mon Aug 12 17:43:38 2024,375
00578,Mon Aug 12 17:45:21 2024,Mon Aug 12 17:56:53 2024,692
00579,Mon Aug 12 17:57:52 2024,Mon Aug 12 18:07:41 2024,589
00580,Mon Aug 12 19:22:04 2024,Mon Aug 12 19:22:29 2024,25
00581,Mon Aug 12 19:23:14 2024,Mon Aug 12 19:24:08 2024,54
00582,Tue Aug 13 10:24:42 2024,Tue Aug 13 10:28:34 2024,232
00583,Tue Aug 13 10:33:05 2024,Tue Aug 13 10:40:25 2024,440
00584,Tue Aug 13 10:42:06 2024,Tue Aug 13 10:47:05 2024,299
00585,Tue Aug 13 10:49:42 2024,Tue Aug 13 10:49:59 2024,17
00586,Tue Aug 13 10:55:02 2024,Tue Aug 13 11:01:10 2024,368
00587,Tue Aug 13 11:07:50 2024,Tue Aug 13 11:11:05 2024,195
00588,Tue Aug 13 11:14:24 2024,Tue Aug 13 11:23:38 2024,554
00589,Tue Aug 13 11:25:58 2024,Tue Aug 13 11:27:19 2024,81
00590,Tue Aug 13 11:30:36 2024,Tue Aug 13 11:35:24 2024,288
00591,Tue Aug 13 11:40:20 2024,Tue Aug 13 11:40:34 2024,14
00592,Tue Aug 13 11:42:20 2024,Tue Aug 13 11:47:56 2024,336
00593,Tue Aug 13 11:49:26 2024,Tue Aug 13 11:52:36 2024,190
00594,Tue Aug 13 11:54:27 2024,Tue Aug 13 12:07:14 2024,767
00595,Tue Aug 13 12:09:15 2024,Tue Aug 13 12:18:08 2024,533
00596,Tue Aug 13 12:20:19 2024,Tue Aug 13 12:26:52 2024,393
00597,Tue Aug 13 12:28:08 2024,Tue Aug 13 12:28:21 2024,13
00598,Tue Aug 13 12:30:00 2024,Tue Aug 13 12:47:43 2024,1063
00599,Tue Aug 13 12:54:42 2024,Tue Aug 13 13:00:12 2024,330
00600,Tue Aug 13 13:02:36 2024,Tue Aug 13 13:05:20 2024,164
00601,Tue Aug 13 13:05:27 2024,Tue Aug 13 13:08:17 2024,170
00602,Tue Aug 13 13:10:22 2024,Tue Aug 13 13:13:39 2024,197
00603,Tue Aug 13 13:15:48 2024,Tue Aug 13 13:29:57 2024,849
00604,Tue Aug 13 13:31:44 2024,Tue Aug 13 13:48:24 2024,1000
00605,Tue Aug 13 13:56:38 2024,Tue Aug 13 14:02:27 2024,349
00606,Tue Aug 13 14:03:55 2024,Tue Aug 13 14:12:45 2024,530
00607,Tue Aug 13 14:14:08 2024,Tue Aug 13 14:33:34 2024,1166
00608,Tue Aug 13 14:41:34 2024,Tue Aug 13 14:47:22 2024,348
00609,Tue Aug 13 14:52:18 2024,Tue Aug 13 14:57:32 2024,314
00610,Tue Aug 13 14:57:40 2024,Tue Aug 13 15:04:53 2024,433
00611,Tue Aug 13 15:07:11 2024,Tue Aug 13 15:19:42 2024,751
00612,Tue Aug 13 15:21:08 2024,Tue Aug 13 15:34:00 2024,772
00613,Tue Aug 13 15:44:57 2024,Tue Aug 13 15:48:54 2024,237
00614,Tue Aug 13 15:50:22 2024,Tue Aug 13 15:57:45 2024,443
00615,Tue Aug 13 15:57:56 2024,Tue Aug 13 16:02:48 2024,292
00616,Tue Aug 13 16:04:32 2024,Tue Aug 13 16:15:15 2024,643
00617,Tue Aug 13 16:16:37 2024,Tue Aug 13 16:34:46 2024,1089
00618,Tue Aug 13 16:46:07 2024,Tue Aug 13 16:47:31 2024,84
00619,Tue Aug 13 16:59:04 2024,Tue Aug 13 17:04:55 2024,351
00620,Tue Aug 13 17:05:05 2024,Tue Aug 13 17:21:03 2024,958
00621,Tue Aug 13 17:24:05 2024,Tue Aug 13 17:35:11 2024,666
00622,Tue Aug 13 17:36:42 2024,Tue Aug 13 17:45:19 2024,517
00623,Tue Aug 13 17:46:40 2024,Tue Aug 13 17:53:47 2024,427
00624,Tue Aug 13 17:54:55 2024,Tue Aug 13 17:55:10 2024,15
00625,Tue Aug 13 17:55:40 2024,Tue Aug 13 18:04:44 2024,544
00626,Wed Aug 14 10:18:37 2024,Wed Aug 14 10:25:31 2024,414
00627,Wed Aug 14 10:25:46 2024,Wed Aug 14 10:38:05 2024,739
00628,Wed Aug 14 10:40:58 2024,Wed Aug 14 10:48:40 2024,462
00629,Wed Aug 14 10:52:13 2024,Wed Aug 14 11:00:28 2024,495
00630,Wed Aug 14 11:05:04 2024,Wed Aug 14 11:24:08 2024,1144
00631,Wed Aug 14 11:30:24 2024,Wed Aug 14 11:30:41 2024,17
00632,Wed Aug 14 11:30:59 2024,Wed Aug 14 11:40:55 2024,596
00633,Wed Aug 14 11:44:31 2024,Wed Aug 14 11:46:49 2024,138
00635,Wed Aug 14 11:50:22 2024,Wed Aug 14 11:50:45 2024,23
00636,Wed Aug 14 11:52:44 2024,Wed Aug 14 11:59:12 2024,388
00637,Wed Aug 14 12:02:43 2024,Wed Aug 14 12:03:28 2024,45
00638,Wed Aug 14 12:04:44 2024,Wed Aug 14 12:24:26 2024,1182
00639,Wed Aug 14 12:35:49 2024,Wed Aug 14 12:43:52 2024,483
00640,Wed Aug 14 12:46:12 2024,Wed Aug 14 12:49:08 2024,176
00641,Wed Aug 14 12:49:41 2024,Wed Aug 14 12:58:35 2024,534
00642,Wed Aug 14 13:00:47 2024,Wed Aug 14 13:15:03 2024,856
00643,Wed Aug 14 13:29:16 2024,Wed Aug 14 13:33:22 2024,246
00644,Wed Aug 14 13:36:17 2024,Wed Aug 14 13:48:13 2024,716
00645,Wed Aug 14 13:49:30 2024,Wed Aug 14 13:58:09 2024,519
00646,Wed Aug 14 13:58:57 2024,Wed Aug 14 14:06:33 2024,456
00647,Wed Aug 14 14:08:16 2024,Wed Aug 14 14:20:41 2024,745
00648,Wed Aug 14 14:23:01 2024,Wed Aug 14 14:30:18 2024,437
00649,Wed Aug 14 14:40:17 2024,Wed Aug 14 14:42:39 2024,142
00650,Wed Aug 14 14:44:42 2024,Wed Aug 14 14:45:19 2024,37
00651,Wed Aug 14 14:46:45 2024,Wed Aug 14 14:49:16 2024,151
00652,Wed Aug 14 14:51:22 2024,Wed Aug 14 14:56:50 2024,328
00653,Wed Aug 14 14:59:15 2024,Wed Aug 14 15:06:06 2024,411
00654,Wed Aug 14 15:08:43 2024,Wed Aug 14 15:08:59 2024,16
00655,Wed Aug 14 15:09:55 2024,Wed Aug 14 15:14:22 2024,267
00656,Wed Aug 14 15:27:24 2024,Wed Aug 14 15:35:17 2024,473
00657,Wed Aug 14 15:37:12 2024,Wed Aug 14 15:44:03 2024,411
00658,Wed Aug 14 15:48:01 2024,Wed Aug 14 15:48:50 2024,49
00659,Wed Aug 14 15:50:57 2024,Wed Aug 14 15:51:22 2024,25
00660,Wed Aug 14 15:52:39 2024,Wed Aug 14 16:02:04 2024,565
00661,Wed Aug 14 16:21:04 2024,Wed Aug 14 16:24:09 2024,185
00662,Wed Aug 14 16:39:34 2024,Wed Aug 14 16:40:39 2024,65
00663,Wed Aug 14 16:59:01 2024,Wed Aug 14 16:59:18 2024,17
00664,Wed Aug 14 16:59:55 2024,Wed Aug 14 17:04:09 2024,254
00665,Wed Aug 14 17:04:20 2024,Wed Aug 14 17:05:22 2024,62
00666,Wed Aug 14 17:10:43 2024,Wed Aug 14 17:17:22 2024,399
00667,Wed Aug 14 17:17:55 2024,Wed Aug 14 17:19:38 2024,103
00668,Wed Aug 14 17:21:12 2024,Wed Aug 14 17:27:32 2024,380
00669,Wed Aug 14 17:28:56 2024,Wed Aug 14 17:33:42 2024,286
00670,Wed Aug 14 17:36:14 2024,Wed Aug 14 17:38:06 2024,112
00671,Wed Aug 14 17:50:21 2024,Wed Aug 14 17:56:40 2024,379
00672,Wed Aug 14 17:57:47 2024,Wed Aug 14 18:01:43 2024,236
00673,Wed Aug 14 18:01:59 2024,Wed Aug 14 18:02:21 2024,22
00674,Wed Aug 14 18:06:26 2024,Wed Aug 14 18:07:28 2024,62
00675,Wed Aug 14 18:08:22 2024,Wed Aug 14 18:08:56 2024,34
00676,Mon Aug 19 08:38:31 2024,Mon Aug 19 09:38:03 2024,3572
00677,Mon Aug 19 09:38:32 2024,Mon Aug 19 09:40:10 2024,98
00700,Thu Aug 22 10:41:10 2024,Thu Aug 22 10:49:36 2024,506
00701,Thu Aug 22 11:20:15 2024,Thu Aug 22 11:23:48 2024,213
00702,Thu Aug 22 11:29:13 2024,Thu Aug 22 11:29:48 2024,35
00703,Thu Aug 22 11:31:07 2024,Thu Aug 22 11:32:27 2024,80
00704,Thu Aug 22 11:32:48 2024,Thu Aug 22 11:49:25 2024,997
00705,Thu Aug 22 11:51:45 2024,Thu Aug 22 11:53:15 2024,90
00706,Thu Aug 22 12:06:27 2024,Thu Aug 22 12:16:57 2024,630
00707,Thu Aug 22 12:19:22 2024,Thu Aug 22 12:21:17 2024,115
00708,Thu Aug 22 12:22:10 2024,Thu Aug 22 12:27:34 2024,324
00709,Thu Aug 22 12:29:42 2024,Thu Aug 22 12:30:15 2024,33
00710,Thu Aug 22 12:35:35 2024,Thu Aug 22 12:35:50 2024,15
00711,Thu Aug 22 12:37:26 2024,Thu Aug 22 12:44:58 2024,452
00712,Thu Aug 22 12:48:17 2024,Thu Aug 22 12:54:41 2024,384
00713,Thu Aug 22 12:54:47 2024,Thu Aug 22 13:01:50 2024,423
00714,Thu Aug 22 13:08:46 2024,Thu Aug 22 13:13:10 2024,264
00715,Thu Aug 22 13:15:08 2024,Thu Aug 22 13:18:09 2024,181
00716,Thu Aug 22 13:19:19 2024,Thu Aug 22 13:25:14 2024,355
00717,Thu Aug 22 13:26:57 2024,Thu Aug 22 13:32:37 2024,340
00718,Thu Aug 22 13:33:30 2024,Thu Aug 22 13:36:48 2024,198
00719,Thu Aug 22 13:39:17 2024,Thu Aug 22 13:43:54 2024,277
00720,Thu Aug 22 13:47:33 2024,Thu Aug 22 13:56:26 2024,533
00721,Thu Aug 22 13:58:06 2024,Thu Aug 22 14:01:40 2024,214
00722,Thu Aug 22 14:06:53 2024,Thu Aug 22 14:13:32 2024,399
00723,Thu Aug 22 14:15:16 2024,Thu Aug 22 14:16:24 2024,68
00724,Thu Aug 22 14:17:13 2024,Thu Aug 22 14:25:49 2024,516
00725,Thu Aug 22 14:27:19 2024,Thu Aug 22 14:41:32 2024,853
00726,Thu Aug 22 14:45:23 2024,Thu Aug 22 14:48:12 2024,169
00727,Thu Aug 22 14:49:54 2024,Thu Aug 22 14:58:45 2024,531
00728,Thu Aug 22 15:04:11 2024,Thu Aug 22 15:10:38 2024,387
00729,Thu Aug 22 15:13:27 2024,Thu Aug 22 15:17:43 2024,256
00730,Thu Aug 22 15:18:51 2024,Thu Aug 22 15:23:39 2024,288
00731,Thu Aug 22 15:29:06 2024,Thu Aug 22 15:40:16 2024,670
00732,Thu Aug 22 15:46:11 2024,Thu Aug 22 15:54:54 2024,523
00733,Thu Aug 22 15:57:01 2024,Thu Aug 22 16:15:57 2024,1136
00734,Thu Aug 22 16:18:45 2024,Thu Aug 22 16:23:04 2024,259
00735,Thu Aug 22 16:29:16 2024,Thu Aug 22 16:31:26 2024,130
00736,Thu Aug 22 16:32:02 2024,Thu Aug 22 16:37:38 2024,336
00737,Thu Aug 22 16:39:03 2024,Thu Aug 22 16:52:17 2024,794
00738,Thu Aug 22 16:58:41 2024,Thu Aug 22 17:06:16 2024,455
00739,Thu Aug 22 17:32:58 2024,Thu Aug 22 17:49:50 2024,1012
00740,Thu Aug 22 17:51:46 2024,Thu Aug 22 18:02:09 2024,623
00741,Fri Aug 23 10:20:14 2024,Fri Aug 23 10:22:33 2024,139
00742,Fri Aug 23 10:24:38 2024,Fri Aug 23 10:25:52 2024,74
00743,Fri Aug 23 10:27:42 2024,Fri Aug 23 10:34:58 2024,436
00744,Fri Aug 23 10:48:08 2024,Fri Aug 23 10:53:29 2024,321
00745,Fri Aug 23 11:02:55 2024,Fri Aug 23 11:08:50 2024,355
00746,Fri Aug 23 11:14:14 2024,Fri Aug 23 11:27:43 2024,809
00747,Fri Aug 23 11:30:55 2024,Fri Aug 23 11:31:05 2024,10
00748,Fri Aug 23 11:31:16 2024,Fri Aug 23 11:39:53 2024,517
00749,Fri Aug 23 11:48:06 2024,Fri Aug 23 11:48:21 2024,15
00750,Fri Aug 23 11:53:47 2024,Fri Aug 23 12:00:07 2024,380
00751,Fri Aug 23 12:02:23 2024,Fri Aug 23 12:07:58 2024,335
00752,Fri Aug 23 12:09:41 2024,Fri Aug 23 12:20:54 2024,673
00753,Fri Aug 23 12:28:02 2024,Fri Aug 23 12:28:26 2024,24
00754,Fri Aug 23 12:29:00 2024,Fri Aug 23 12:30:40 2024,100
00755,Fri Aug 23 12:34:40 2024,Fri Aug 23 12:46:34 2024,714
00756,Fri Aug 23 12:50:30 2024,Fri Aug 23 12:55:21 2024,291
00757,Fri Aug 23 12:56:08 2024,Fri Aug 23 12:57:27 2024,79
00758,Fri Aug 23 12:59:10 2024,Fri Aug 23 13:02:14 2024,184
00759,Fri Aug 23 13:02:56 2024,Fri Aug 23 13:05:48 2024,172
00760,Fri Aug 23 13:08:31 2024,Fri Aug 23 13:08:47 2024,16
00761,Fri Aug 23 13:09:09 2024,Fri Aug 23 13:09:52 2024,43
00762,Fri Aug 23 13:10:26 2024,Fri Aug 23 13:11:31 2024,65
00763,Fri Aug 23 13:16:02 2024,Fri Aug 23 13:20:33 2024,271
00764,Fri Aug 23 13:24:07 2024,Fri Aug 23 13:29:28 2024,321
00765,Fri Aug 23 13:31:48 2024,Fri Aug 23 13:33:10 2024,82
00766,Fri Aug 23 13:46:12 2024,Fri Aug 23 13:46:34 2024,22
00767,Fri Aug 23 13:49:50 2024,Fri Aug 23 13:52:09 2024,139
00768,Fri Aug 23 13:53:41 2024,Fri Aug 23 13:54:25 2024,44
00769,Fri Aug 23 13:57:22 2024,Fri Aug 23 14:03:37 2024,375
00770,Fri Aug 23 14:06:46 2024,Fri Aug 23 14:10:23 2024,217
00771,Fri Aug 23 14:12:13 2024,Fri Aug 23 14:36:04 2024,1431
00772,Fri Aug 23 14:48:09 2024,Fri Aug 23 14:48:36 2024,27
00773,Fri Aug 23 14:50:52 2024,Fri Aug 23 14:56:12 2024,320
00774,Fri Aug 23 15:13:07 2024,Fri Aug 23 15:19:19 2024,372
00775,Fri Aug 23 15:32:46 2024,Fri Aug 23 15:39:42 2024,416
00776,Fri Aug 23 15:41:53 2024,Fri Aug 23 16:01:49 2024,1196
00777,Fri Aug 23 16:03:36 2024,Fri Aug 23 16:05:01 2024,85
00778,Fri Aug 23 16:06:59 2024,Fri Aug 23 16:09:45 2024,166
00779,Fri Aug 23 16:12:22 2024,Fri Aug 23 16:26:24 2024,842
00780,Fri Aug 23 16:31:00 2024,Fri Aug 23 16:42:57 2024,717
00781,Fri Aug 23 16:46:34 2024,Fri Aug 23 16:50:58 2024,264
00782,Fri Aug 23 16:59:03 2024,Fri Aug 23 17:07:22 2024,499
00783,Fri Aug 23 17:09:21 2024,Fri Aug 23 17:10:49 2024,88
00784,Fri Aug 23 17:13:06 2024,Fri Aug 23 17:14:06 2024,60
00785,Fri Aug 23 17:15:27 2024,Fri Aug 23 17:26:54 2024,687
00786,Fri Aug 23 17:31:58 2024,Fri Aug 23 17:39:40 2024,462
00787,Fri Aug 23 17:41:10 2024,Fri Aug 23 17:46:04 2024,294
00788,Fri Aug 23 17:47:40 2024,Fri Aug 23 17:49:19 2024,99
00789,Fri Aug 23 17:53:07 2024,Fri Aug 23 17:59:50 2024,403
